{
  "type": "FeatureCollection",
  "features": [
    {
      "type": "Feature",
      "geometry": {
        "type": "Point",
        "coordinates": [
          -149.74439,
          61.23271
        ]
      },
      "properties": {
        "id": "e5a84859f45d69ced7c6fdb197a0ed4a",
        "title": "Alaska VA Health Care System",
        "locationName": "Anchorage, AK",
        "displayName": "Melody Quesenberry",
        "email": "melody.quesenberry@va.gov",
        "phoneNumber": "907-257-4957",
        "ext": "",
        "recruiterType": "nurse",
        "city": "Anchorage",
        "state": "AK",
        "visn": "20",
        "stationNumber": "463",
        "sourceSheet": "Smartsheet Gov - VA RN Facility Nurse Recruiter Directory",
        "nurseRecruiter": "QUESENBERRY, MELODY",
        "role": "RN",
        "consortium": "4-WSNC"
      }
    },
    {
      "type": "Feature",
      "geometry": {
        "type": "Point",
        "coordinates": [
          -149.74439,
          61.23271
        ]
      },
      "properties": {
        "id": "3555258ff3274bb94749f8df9983a47a",
        "title": "VA Alaska Health Care System",
        "locationName": "Anchorage, AK",
        "displayName": "Eric Snipes",
        "email": "eric.snipes@va.gov",
        "phoneNumber": "707-628-0296",
        "ext": "",
        "recruiterType": "ppr",
        "city": "Anchorage",
        "state": "AK",
        "visn": "20",
        "sourceSheet": "Smartsheet Gov - PPR Directory"
      }
    },
    {
      "type": "Feature",
      "geometry": {
        "type": "Point",
        "coordinates": [
          -117.40323,
          47.65437
        ]
      },
      "properties": {
        "id": "ee5a08760cda575b860b0c4fc84c9372",
        "title": "VA Medical Center Spokane, WA",
        "locationName": "Spokane, WA",
        "displayName": "Debra K Montano",
        "email": "debra.montano@va.gov",
        "phoneNumber": "509-434-7660",
        "ext": "",
        "recruiterType": "nurse",
        "city": "Spokane",
        "state": "WA",
        "visn": "20",
        "stationNumber": "668",
        "sourceSheet": "Smartsheet Gov - VA RN Facility Nurse Recruiter Directory",
        "nurseRecruiter": "MONTANO,DEBRA K",
        "role": "RN",
        "consortium": "4-WSNC"
      }
    },
    {
      "type": "Feature",
      "geometry": {
        "type": "Point",
        "coordinates": [
          -117.40323,
          47.65437
        ]
      },
      "properties": {
        "id": "99915e730a4dbae11410f33766075407",
        "title": "VA Spokane Health Care System",
        "locationName": "Spokane, WA",
        "displayName": "Hank Laguatan",
        "email": "henry.laguatan@va.gov",
        "phoneNumber": "206-459-7927",
        "ext": "",
        "recruiterType": "ppr",
        "city": "Spokane",
        "state": "WA",
        "visn": "20",
        "sourceSheet": "Smartsheet Gov - PPR Directory"
      }
    },
    {
      "type": "Feature",
      "geometry": {
        "type": "Point",
        "coordinates": [
          -122.30826,
          47.56302
        ]
      },
      "properties": {
        "id": "4fe7e51932e1af7fa3957feb602319a4",
        "title": "VA Puget Sound Healthcare System, Seattle, WA",
        "locationName": "Seattle, WA",
        "displayName": "Christopher Diangco",
        "email": "vhaatgnurseresumes@va.gov",
        "phoneNumber": "206-277-6963",
        "ext": "",
        "recruiterType": "nurse",
        "city": "Seattle",
        "state": "WA",
        "visn": "20",
        "stationNumber": "663",
        "sourceSheet": "Smartsheet Gov - VA RN Facility Nurse Recruiter Directory",
        "groupEmail": "pugnurserecruiter@va.gov",
        "nurseRecruiter": "DIANGCO, CHRISTOPHER",
        "role": "RN",
        "consortium": "4-WSNC"
      }
    },
    {
      "type": "Feature",
      "geometry": {
        "type": "Point",
        "coordinates": [
          -122.30826,
          47.56302
        ]
      },
      "properties": {
        "id": "b99349ae9d2415174979fc4615a720c8",
        "title": "VA Puget Sound Healthcare System, Seattle, WA",
        "locationName": "Seattle, WA",
        "displayName": "Robin Thrasher",
        "email": "robin.thrasher@va.gov",
        "phoneNumber": "206-277-3910",
        "ext": "",
        "recruiterType": "nurse",
        "city": "Seattle",
        "state": "WA",
        "visn": "20",
        "stationNumber": "663",
        "sourceSheet": "Smartsheet Gov - VA RN Facility Nurse Recruiter Directory",
        "groupEmail": "pugnurserecruiter@va.gov",
        "nurseRecruiter": "THRASHER, ROBIN",
        "role": "RN",
        "consortium": "4-WSNC"
      }
    },
    {
      "type": "Feature",
      "geometry": {
        "type": "Point",
        "coordinates": [
          -122.30826,
          47.56302
        ]
      },
      "properties": {
        "id": "4dbb5159b72242422bd9bee44bedcb16",
        "title": "VA Puget Sound Health Care System",
        "locationName": "Seattle, WA",
        "displayName": "Hank Laguatan",
        "email": "henry.laguatan@va.gov",
        "phoneNumber": "206-459-7927",
        "ext": "",
        "recruiterType": "ppr",
        "city": "Seattle",
        "state": "WA",
        "visn": "20",
        "sourceSheet": "Smartsheet Gov - PPR Directory"
      }
    },
    {
      "type": "Feature",
      "geometry": {
        "type": "Point",
        "coordinates": [
          -96.77466,
          46.90617
        ]
      },
      "properties": {
        "id": "519e852db6ddc6e1619f84ea50e274b9",
        "title": "VA Medical Center Fargo, ND",
        "locationName": "Fargo, ND",
        "displayName": "Kaley E Budge-Meyer",
        "email": "kaley.budge-meyer@va.gov",
        "phoneNumber": "701-239-3700",
        "ext": "4325",
        "recruiterType": "nurse",
        "city": "Fargo",
        "state": "ND",
        "visn": "23",
        "stationNumber": "437",
        "sourceSheet": "Smartsheet Gov - VA RN Facility Nurse Recruiter Directory",
        "nurseRecruiter": "BUDGE-MEYER,KALEY E",
        "role": "RN",
        "consortium": "3-MidCon"
      }
    },
    {
      "type": "Feature",
      "geometry": {
        "type": "Point",
        "coordinates": [
          -96.77466,
          46.90617
        ]
      },
      "properties": {
        "id": "22f5fbeae1e5707269d1dbb04b6e4294",
        "title": "VA Fargo Health Care System",
        "locationName": "Fargo, ND",
        "displayName": "Shane Stults",
        "email": "shane.stults@va.gov",
        "phoneNumber": "407-319-8473",
        "ext": "",
        "recruiterType": "ppr",
        "city": "Fargo",
        "state": "ND",
        "visn": "23",
        "sourceSheet": "Smartsheet Gov - PPR Directory"
      }
    },
    {
      "type": "Feature",
      "geometry": {
        "type": "Point",
        "coordinates": [
          -112.1016,
          46.6178
        ]
      },
      "properties": {
        "id": "cfee40161942314db3a47dd82f972540",
        "title": "VA Montana Health Care System",
        "locationName": "Fort Harrison, MT",
        "displayName": "Robin Higley",
        "email": "robin.higley@va.gov",
        "phoneNumber": "406-447-7867",
        "ext": "",
        "recruiterType": "nurse",
        "city": "Fort Harrison",
        "state": "MT",
        "visn": "19",
        "stationNumber": "436",
        "sourceSheet": "Smartsheet Gov - VA RN Facility Nurse Recruiter Directory",
        "nurseRecruiter": "HIGLEY, ROBIN",
        "role": "RN",
        "consortium": "4-WSNC"
      }
    },
    {
      "type": "Feature",
      "geometry": {
        "type": "Point",
        "coordinates": [
          -112.1016,
          46.6178
        ]
      },
      "properties": {
        "id": "25043dff79e1a08ef97c6693c78f2104",
        "title": "VA Montana Health Care System",
        "locationName": "Fort Harrison, MT",
        "displayName": "Pat Haynes",
        "email": "patrick.haynes@va.gov",
        "phoneNumber": "406-447-7583",
        "ext": "",
        "recruiterType": "ppr",
        "city": "Fort Harrison",
        "state": "MT",
        "visn": "19",
        "sourceSheet": "Smartsheet Gov - PPR Directory"
      }
    },
    {
      "type": "Feature",
      "geometry": {
        "type": "Point",
        "coordinates": [
          -118.35572,
          46.05351
        ]
      },
      "properties": {
        "id": "ed2eabd28596245f7b40686285c44382",
        "title": "VA Medical Center Walla Walla, WA: Jonathan M. Wainwright",
        "locationName": "Walla Walla, WA",
        "displayName": "Jen Zamora",
        "email": "jennifer.zamora@va.gov",
        "phoneNumber": "509-525-5200",
        "ext": "26448",
        "recruiterType": "nurse",
        "city": "Walla Walla",
        "state": "WA",
        "visn": "20",
        "stationNumber": "687",
        "sourceSheet": "Smartsheet Gov - VA RN Facility Nurse Recruiter Directory",
        "nurseRecruiter": "ZAMORA, JEN",
        "role": "HSS",
        "consortium": "4-WSNC"
      }
    },
    {
      "type": "Feature",
      "geometry": {
        "type": "Point",
        "coordinates": [
          -118.35572,
          46.05351
        ]
      },
      "properties": {
        "id": "8aa5278b457bdad295a307a998d8d111",
        "title": "VA Walla Walla Health Care System",
        "locationName": "Walla Walla, WA",
        "displayName": "Hank Laguatan",
        "email": "henry.laguatan@va.gov",
        "phoneNumber": "206-459-7927",
        "ext": "",
        "recruiterType": "ppr",
        "city": "Walla Walla",
        "state": "WA",
        "visn": "20",
        "sourceSheet": "Smartsheet Gov - PPR Directory"
      }
    },
    {
      "type": "Feature",
      "geometry": {
        "type": "Point",
        "coordinates": [
          -88.06125,
          45.81026
        ]
      },
      "properties": {
        "id": "fc9312dd7a77d099044f7d17567e81ae",
        "title": "VA Medical Center Iron Mountain, MI",
        "locationName": "Iron Mountain, MI",
        "displayName": "Michael J Baumgartner",
        "email": "michael.baumgartner1@va.gov",
        "phoneNumber": "906-774-3300",
        "ext": "32509",
        "recruiterType": "nurse",
        "city": "Iron Mountain",
        "state": "MI",
        "visn": "12",
        "stationNumber": "585",
        "sourceSheet": "Smartsheet Gov - VA RN Facility Nurse Recruiter Directory",
        "nurseRecruiter": "BAUMGARTNER, MICHAEL J.",
        "role": "RN",
        "consortium": "3-MidCon"
      }
    },
    {
      "type": "Feature",
      "geometry": {
        "type": "Point",
        "coordinates": [
          -88.06125,
          45.81026
        ]
      },
      "properties": {
        "id": "650fc36a687ae4ffaa13907884c97e08",
        "title": "VA Iron Mountain Health Care System",
        "locationName": "Iron Mountain, MI",
        "displayName": "Kevin Buccola",
        "email": "kevin.buccola@va.gov",
        "phoneNumber": "985-634-5315",
        "ext": "",
        "recruiterType": "ppr",
        "city": "Iron Mountain",
        "state": "MI",
        "visn": "12",
        "sourceSheet": "Smartsheet Gov - PPR Directory"
      }
    },
    {
      "type": "Feature",
      "geometry": {
        "type": "Point",
        "coordinates": [
          -94.21888,
          45.5679
        ]
      },
      "properties": {
        "id": "adae9394cd26678626442598f436a6b6",
        "title": "Saint Cloud MN Health Care System",
        "locationName": "St Cloud, MN",
        "displayName": "Vacant",
        "email": "vacant",
        "phoneNumber": "",
        "ext": "",
        "recruiterType": "nurse",
        "city": "St Cloud",
        "state": "MN",
        "visn": "23",
        "stationNumber": "656",
        "sourceSheet": "Smartsheet Gov - VA RN Facility Nurse Recruiter Directory",
        "nurseRecruiter": "VACANT",
        "role": "RN",
        "consortium": "3-MidCon"
      }
    },
    {
      "type": "Feature",
      "geometry": {
        "type": "Point",
        "coordinates": [
          -94.21888,
          45.5679
        ]
      },
      "properties": {
        "id": "0b0a9f1a6c0d96be833f6221aadee06a",
        "title": "VA St Cloud Health Care System",
        "locationName": "St Cloud, MN",
        "displayName": "Eric Snipes",
        "email": "eric.snipes@va.gov",
        "phoneNumber": "707-628-0296",
        "ext": "",
        "recruiterType": "ppr",
        "city": "St Cloud",
        "state": "MN",
        "visn": "23",
        "sourceSheet": "Smartsheet Gov - PPR Directory"
      }
    },
    {
      "type": "Feature",
      "geometry": {
        "type": "Point",
        "coordinates": [
          -122.6835,
          45.49684
        ]
      },
      "properties": {
        "id": "c33079376796efa4abfda74b2a2233b1",
        "title": "VA Portland Healthcare System",
        "locationName": "Portland, OR",
        "displayName": "Elizabeth Hollenbeck",
        "email": "elizabeth.hollenbeck@va.gov",
        "phoneNumber": "503-220-8262",
        "ext": "56014",
        "recruiterType": "nurse",
        "city": "Portland",
        "state": "OR",
        "visn": "20",
        "stationNumber": "648",
        "sourceSheet": "Smartsheet Gov - VA RN Facility Nurse Recruiter Directory",
        "nurseRecruiter": "HOLLENBECK, ELIZABETH",
        "role": "RN",
        "consortium": "4-WSNC"
      }
    },
    {
      "type": "Feature",
      "geometry": {
        "type": "Point",
        "coordinates": [
          -122.6835,
          45.49684
        ]
      },
      "properties": {
        "id": "dde04291dc7a9c0421083f5a145044b8",
        "title": "VA Portland Healthcare System",
        "locationName": "Portland, OR",
        "displayName": "Stephenie R Stewart",
        "email": "stephenie.stewart@va.gov",
        "phoneNumber": "503-220-8262",
        "ext": "56014",
        "recruiterType": "nurse",
        "city": "Portland",
        "state": "OR",
        "visn": "20",
        "stationNumber": "648",
        "sourceSheet": "Smartsheet Gov - VA RN Facility Nurse Recruiter Directory",
        "groupEmail": "vhaatgnurseresumes@va.gov",
        "nurseRecruiter": "STEWART, STEPHENIE R.",
        "role": "RN",
        "consortium": "4-WSNC"
      }
    },
    {
      "type": "Feature",
      "geometry": {
        "type": "Point",
        "coordinates": [
          -122.6835,
          45.49684
        ]
      },
      "properties": {
        "id": "787053e5d995ea36a12c1cdcb196dc60",
        "title": "VA Portland Health Care System",
        "locationName": "Portland, OR",
        "displayName": "Hank Laguatan",
        "email": "henry.laguatan@va.gov",
        "phoneNumber": "206-459-7927",
        "ext": "",
        "recruiterType": "ppr",
        "city": "Portland",
        "state": "OR",
        "visn": "20",
        "sourceSheet": "Smartsheet Gov - PPR Directory"
      }
    },
    {
      "type": "Feature",
      "geometry": {
        "type": "Point",
        "coordinates": [
          -93.20459,
          44.90194
        ]
      },
      "properties": {
        "id": "baab8eba86387fd5ccbf09909a75625c",
        "title": "Minneapolis VA HCS",
        "locationName": "Minneapolis, MN",
        "displayName": "Amy Daly",
        "email": "amy.daly@va.gov",
        "phoneNumber": "612-467-4392",
        "ext": "",
        "recruiterType": "nurse",
        "city": "Minneapolis",
        "state": "MN",
        "visn": "23",
        "stationNumber": "618",
        "sourceSheet": "Smartsheet Gov - VA RN Facility Nurse Recruiter Directory",
        "groupEmail": "vhaminrecruitment@va.gov",
        "nurseRecruiter": "DALY, AMY",
        "role": "RN",
        "consortium": "3-MidCon"
      }
    },
    {
      "type": "Feature",
      "geometry": {
        "type": "Point",
        "coordinates": [
          -93.20459,
          44.90194
        ]
      },
      "properties": {
        "id": "a8b617fc516d87d043fff6b832e5ee26",
        "title": "Minneapolis VA HCS",
        "locationName": "Minneapolis, MN",
        "displayName": "SARAH MYERS",
        "email": "myers, sarah",
        "phoneNumber": "612-467-4392",
        "ext": "",
        "recruiterType": "nurse",
        "city": "Minneapolis",
        "state": "MN",
        "visn": "23",
        "stationNumber": "618",
        "sourceSheet": "Smartsheet Gov - VA RN Facility Nurse Recruiter Directory",
        "groupEmail": "vhaminrecruitment@va.gov",
        "nurseRecruiter": "MERYS, SARAH",
        "role": "RN",
        "consortium": "3-MidCon"
      }
    },
    {
      "type": "Feature",
      "geometry": {
        "type": "Point",
        "coordinates": [
          -93.20459,
          44.90194
        ]
      },
      "properties": {
        "id": "f0d729da258aada311d424176fccda52",
        "title": "VA Minneapolis Health Care System",
        "locationName": "Minneapolis, MN",
        "displayName": "Eric Snipes",
        "email": "eric.snipes@va.gov",
        "phoneNumber": "707-628-0296",
        "ext": "",
        "recruiterType": "ppr",
        "city": "Minneapolis",
        "state": "MN",
        "visn": "23",
        "sourceSheet": "Smartsheet Gov - PPR Directory"
      }
    },
    {
      "type": "Feature",
      "geometry": {
        "type": "Point",
        "coordinates": [
          -106.98485,
          44.82737
        ]
      },
      "properties": {
        "id": "5c5cc89cd8455404646d4f510499dead",
        "title": "VA Medical Center Sheridan, WY",
        "locationName": "Sheridan, WY",
        "displayName": "Scott Reichert",
        "email": "scott.reichert@va.gov",
        "phoneNumber": "307-675-3262",
        "ext": "",
        "recruiterType": "nurse",
        "city": "Sheridan",
        "state": "WY",
        "visn": "19",
        "stationNumber": "666",
        "sourceSheet": "Smartsheet Gov - VA RN Facility Nurse Recruiter Directory",
        "nurseRecruiter": "REICHERT, SCOTT",
        "role": "HSS",
        "consortium": "4-WSNC"
      }
    },
    {
      "type": "Feature",
      "geometry": {
        "type": "Point",
        "coordinates": [
          -106.98485,
          44.82737
        ]
      },
      "properties": {
        "id": "f38cd595983a24d04539d54ac38ec38f",
        "title": "VA Sheridan Health Care System",
        "locationName": "Sheridan, WY",
        "displayName": "Amber Guinotte",
        "email": "amber.guinotte@va.gov",
        "phoneNumber": "307-675-3512",
        "ext": "",
        "recruiterType": "ppr",
        "city": "Sheridan",
        "state": "WY",
        "visn": "19",
        "sourceSheet": "Smartsheet Gov - PPR Directory"
      }
    },
    {
      "type": "Feature",
      "geometry": {
        "type": "Point",
        "coordinates": [
          -103.47041,
          44.41279
        ]
      },
      "properties": {
        "id": "36493302a553c0a09daeb46f295bfdb7",
        "title": "VA Black Hills Health Care System, Fort Meade, SD",
        "locationName": "Fort Meade, SD",
        "displayName": "Viergets Rachel D",
        "email": "rachel.viergets@va.gov",
        "phoneNumber": "605-720-6810",
        "ext": "",
        "recruiterType": "nurse",
        "city": "Fort Meade",
        "state": "SD",
        "visn": "23",
        "stationNumber": "568",
        "sourceSheet": "Smartsheet Gov - VA RN Facility Nurse Recruiter Directory",
        "nurseRecruiter": "VIERGETS RACHEL D.",
        "role": "RN",
        "consortium": "3-MidCon"
      }
    },
    {
      "type": "Feature",
      "geometry": {
        "type": "Point",
        "coordinates": [
          -103.47041,
          44.41279
        ]
      },
      "properties": {
        "id": "ba472e0bf94bcadd516829607bd4e880",
        "title": "VA Black Hills Health Care System",
        "locationName": "Fort Meade, SD",
        "displayName": "Jason Tafoya",
        "email": "jason.tafoya@va.gov",
        "phoneNumber": "925-270-6574",
        "ext": "",
        "recruiterType": "ppr",
        "city": "Fort Meade",
        "state": "SD",
        "visn": "23",
        "sourceSheet": "Smartsheet Gov - PPR Directory"
      }
    },
    {
      "type": "Feature",
      "geometry": {
        "type": "Point",
        "coordinates": [
          -69.70451,
          44.28042
        ]
      },
      "properties": {
        "id": "bbaed509275c7b51f7c5c2b24e7bfd44",
        "title": "VA Maine Health Care System",
        "locationName": "Augusta, ME",
        "displayName": "Melissa G Lasley",
        "email": "melissa.lasley@va.gov",
        "phoneNumber": "207-387-3870",
        "ext": "",
        "recruiterType": "nurse",
        "city": "Augusta",
        "state": "ME",
        "visn": "1",
        "stationNumber": "402",
        "sourceSheet": "Smartsheet Gov - VA RN Facility Nurse Recruiter Directory",
        "groupEmail": "vamenursingjobs@va.gov",
        "nurseRecruiter": "LASLEY, MELISSA G",
        "role": "RN",
        "consortium": "1-VANEC"
      }
    },
    {
      "type": "Feature",
      "geometry": {
        "type": "Point",
        "coordinates": [
          -69.70451,
          44.28042
        ]
      },
      "properties": {
        "id": "7c4a76f09128d6796cf93afd02f28f22",
        "title": "VA Maine Health Care System",
        "locationName": "Augusta, ME",
        "displayName": "Chak Chaianong",
        "email": "chakchai.chaianong@va.gov",
        "phoneNumber": "774-826-1180",
        "ext": "",
        "recruiterType": "ppr",
        "city": "Augusta",
        "state": "ME",
        "visn": "1",
        "sourceSheet": "Smartsheet Gov - PPR Directory"
      }
    },
    {
      "type": "Feature",
      "geometry": {
        "type": "Point",
        "coordinates": [
          -90.49368,
          44.00402
        ]
      },
      "properties": {
        "id": "637ba0a3276c0e283ca3ee34fa7a1904",
        "title": "VA Medical Center Tomah, WI",
        "locationName": "Tomah, WI",
        "displayName": "Samantha Knauer",
        "email": "samantha.knauer@va.gov",
        "phoneNumber": "608-372-3971",
        "ext": "67732",
        "recruiterType": "nurse",
        "city": "Tomah",
        "state": "WI",
        "visn": "12",
        "stationNumber": "676",
        "sourceSheet": "Smartsheet Gov - VA RN Facility Nurse Recruiter Directory",
        "nurseRecruiter": "KNAUER, SAMANTHA",
        "role": "RN",
        "consortium": "3-MidCon"
      }
    },
    {
      "type": "Feature",
      "geometry": {
        "type": "Point",
        "coordinates": [
          -90.49368,
          44.00402
        ]
      },
      "properties": {
        "id": "008b01feded8df424b30af060daae254",
        "title": "VA Medical Center Tomah, WI",
        "locationName": "Tomah, WI",
        "displayName": "Vacant",
        "email": "vacant",
        "phoneNumber": "",
        "ext": "",
        "recruiterType": "nurse",
        "city": "Tomah",
        "state": "WI",
        "visn": "12",
        "stationNumber": "676",
        "sourceSheet": "Smartsheet Gov - VA RN Facility Nurse Recruiter Directory",
        "nurseRecruiter": "VACANT",
        "consortium": "3-MidCon"
      }
    },
    {
      "type": "Feature",
      "geometry": {
        "type": "Point",
        "coordinates": [
          -90.49368,
          44.00402
        ]
      },
      "properties": {
        "id": "638dfc9f5ab3b94d35cd24f55321d79d",
        "title": "VA Tomah Health Care System",
        "locationName": "Tomah, WI",
        "displayName": "Michael Sprague",
        "email": "michael.sprague1@va.gov",
        "phoneNumber": "608-633-9648",
        "ext": "",
        "recruiterType": "ppr",
        "city": "Tomah",
        "state": "WI",
        "visn": "12",
        "sourceSheet": "Smartsheet Gov - PPR Directory"
      }
    },
    {
      "type": "Feature",
      "geometry": {
        "type": "Point",
        "coordinates": [
          -72.34284,
          43.64821
        ]
      },
      "properties": {
        "id": "94e07ac9a7f9d4180f797329e315df3b",
        "title": "VA Medical Center White River Jct, VT",
        "locationName": "White River Junction, VT",
        "displayName": "Debra Winslow",
        "email": "debra.winslow@va.gov",
        "phoneNumber": "802-295-9363",
        "ext": "6195",
        "recruiterType": "nurse",
        "city": "White River Junction",
        "state": "VT",
        "visn": "1",
        "stationNumber": "405",
        "sourceSheet": "Smartsheet Gov - VA RN Facility Nurse Recruiter Directory",
        "nurseRecruiter": "WINSLOW, DEBRA",
        "role": "RN",
        "consortium": "1-VANEC"
      }
    },
    {
      "type": "Feature",
      "geometry": {
        "type": "Point",
        "coordinates": [
          -72.34284,
          43.64821
        ]
      },
      "properties": {
        "id": "e0dd0e81b5cac34bdad79124520378e5",
        "title": "VA White River Junction Health Care System",
        "locationName": "White River Junction, VT",
        "displayName": "Chak Chaianong",
        "email": "chakchai.chaianong@va.gov",
        "phoneNumber": "774-826-1180",
        "ext": "",
        "recruiterType": "ppr",
        "city": "White River Junction",
        "state": "VT",
        "visn": "1",
        "sourceSheet": "Smartsheet Gov - PPR Directory"
      }
    },
    {
      "type": "Feature",
      "geometry": {
        "type": "Point",
        "coordinates": [
          -116.19524,
          43.62002
        ]
      },
      "properties": {
        "id": "303384e1f1e14d06af5fd1f519b3df30",
        "title": "VA Medical Center Boise, ID",
        "locationName": "Boise, ID",
        "displayName": "Jennifer Snyder",
        "email": "jennifer.snyder@va.gov",
        "phoneNumber": "208-422-1000",
        "ext": "4470",
        "recruiterType": "nurse",
        "city": "Boise",
        "state": "ID",
        "visn": "20",
        "stationNumber": "531",
        "sourceSheet": "Smartsheet Gov - VA RN Facility Nurse Recruiter Directory",
        "nurseRecruiter": "SNYDER, JENNIFER",
        "role": "RN",
        "consortium": "4-WSNC"
      }
    },
    {
      "type": "Feature",
      "geometry": {
        "type": "Point",
        "coordinates": [
          -116.19524,
          43.62002
        ]
      },
      "properties": {
        "id": "ef24795c5ce300f041ee78d26cc26884",
        "title": "VA Boise Health Care System",
        "locationName": "Boise, ID",
        "displayName": "Hank Laguatan",
        "email": "henry.laguatan@va.gov",
        "phoneNumber": "206-459-7927",
        "ext": "",
        "recruiterType": "ppr",
        "city": "Boise",
        "state": "ID",
        "visn": "20",
        "sourceSheet": "Smartsheet Gov - PPR Directory"
      }
    },
    {
      "type": "Feature",
      "geometry": {
        "type": "Point",
        "coordinates": [
          -96.7559,
          43.53125
        ]
      },
      "properties": {
        "id": "3a6031d2302022b89d862b12145ed18d",
        "title": "VA HCS SIOUX FALLS, SD",
        "locationName": "Sioux Falls, SD",
        "displayName": "Vacant",
        "email": "vacant",
        "phoneNumber": "",
        "ext": "",
        "recruiterType": "nurse",
        "city": "Sioux Falls",
        "state": "SD",
        "visn": "23",
        "stationNumber": "438",
        "sourceSheet": "Smartsheet Gov - VA RN Facility Nurse Recruiter Directory",
        "nurseRecruiter": "VACANT",
        "role": "RN",
        "consortium": "3-MidCon"
      }
    },
    {
      "type": "Feature",
      "geometry": {
        "type": "Point",
        "coordinates": [
          -96.7559,
          43.53125
        ]
      },
      "properties": {
        "id": "00010eef6c02977a849f4c0358a7389c",
        "title": "VA Sioux Falls Health Care System",
        "locationName": "Sioux Falls, SD",
        "displayName": "Jason Tafoya",
        "email": "jason.tafoya@va.gov",
        "phoneNumber": "925-270-6574",
        "ext": "",
        "recruiterType": "ppr",
        "city": "Sioux Falls",
        "state": "SD",
        "visn": "23",
        "sourceSheet": "Smartsheet Gov - PPR Directory"
      }
    },
    {
      "type": "Feature",
      "geometry": {
        "type": "Point",
        "coordinates": [
          -83.97204,
          43.46656
        ]
      },
      "properties": {
        "id": "78d70a89ce1ef34d103a26693c884524",
        "title": "Saginaw VA Medical Center",
        "locationName": "Saginaw, MI",
        "displayName": "Kristine Rodgers",
        "email": "kristine.rodgers@va.gov",
        "phoneNumber": "989-497-2500",
        "ext": "11469",
        "recruiterType": "nurse",
        "city": "Saginaw",
        "state": "MI",
        "visn": "10",
        "stationNumber": "655",
        "sourceSheet": "Smartsheet Gov - VA RN Facility Nurse Recruiter Directory",
        "nurseRecruiter": "RODGERS, KRISTINE",
        "role": "RN",
        "consortium": "3-MidCon"
      }
    },
    {
      "type": "Feature",
      "geometry": {
        "type": "Point",
        "coordinates": [
          -83.97204,
          43.46656
        ]
      },
      "properties": {
        "id": "d98511baec77ff153c101f75b5897e07",
        "title": "VA Saginaw Health Care System",
        "locationName": "Saginaw, MI",
        "displayName": "Heathre VanRiper",
        "email": "heathre.vanriper@va.gov",
        "phoneNumber": "989-220-6208",
        "ext": "",
        "recruiterType": "ppr",
        "city": "Saginaw",
        "state": "MI",
        "visn": "10",
        "sourceSheet": "Smartsheet Gov - PPR Directory"
      }
    },
    {
      "type": "Feature",
      "geometry": {
        "type": "Point",
        "coordinates": [
          -123.36793,
          43.22448
        ]
      },
      "properties": {
        "id": "d8f5709290c0d6a1239ab8d40cb1e62b",
        "title": "VA Healthcare System Roseburg, OR",
        "locationName": "Roseburg, OR",
        "displayName": "Holly R Hutchings",
        "email": "holly.hutchings@va.gov",
        "phoneNumber": "541-440-1000",
        "ext": "",
        "recruiterType": "nurse",
        "city": "Roseburg",
        "state": "OR",
        "visn": "20",
        "stationNumber": "653",
        "sourceSheet": "Smartsheet Gov - VA RN Facility Nurse Recruiter Directory",
        "nurseRecruiter": "HUTCHINGS, HOLLY R.",
        "role": "RN",
        "consortium": "4-WSNC"
      }
    },
    {
      "type": "Feature",
      "geometry": {
        "type": "Point",
        "coordinates": [
          -123.36793,
          43.22448
        ]
      },
      "properties": {
        "id": "c70c5597d4aeff1e502a2328acd560b4",
        "title": "VA Roseburg Health Care System",
        "locationName": "Roseburg, OR",
        "displayName": "Eric Snipes",
        "email": "eric.snipes@va.gov",
        "phoneNumber": "707-628-0296",
        "ext": "",
        "recruiterType": "ppr",
        "city": "Roseburg",
        "state": "OR",
        "visn": "20",
        "sourceSheet": "Smartsheet Gov - PPR Directory"
      }
    },
    {
      "type": "Feature",
      "geometry": {
        "type": "Point",
        "coordinates": [
          -89.4312,
          43.07484
        ]
      },
      "properties": {
        "id": "88243f51741689f5a1d5de2e3c57c817",
        "title": "VA Medical Center Madison, WI: William S. Middleton",
        "locationName": "Madison, WI",
        "displayName": "Danielle Hunt",
        "email": "danielle.hunt1@va.gov",
        "phoneNumber": "608-256-1901",
        "ext": "17657",
        "recruiterType": "nurse",
        "city": "Madison",
        "state": "WI",
        "visn": "12",
        "stationNumber": "607",
        "sourceSheet": "Smartsheet Gov - VA RN Facility Nurse Recruiter Directory",
        "nurseRecruiter": "HUNT, DANIELLE",
        "role": "RN",
        "consortium": "3-MidCon"
      }
    },
    {
      "type": "Feature",
      "geometry": {
        "type": "Point",
        "coordinates": [
          -89.4312,
          43.07484
        ]
      },
      "properties": {
        "id": "55acbcd8802bd1d29be3c51fc5927d95",
        "title": "VA Madison Health Care System",
        "locationName": "Madison, WI",
        "displayName": "Jason Tafoya",
        "email": "jason.tafoya@va.gov",
        "phoneNumber": "925-270-6574",
        "ext": "",
        "recruiterType": "ppr",
        "city": "Madison",
        "state": "WI",
        "visn": "12",
        "sourceSheet": "Smartsheet Gov - PPR Directory"
      }
    },
    {
      "type": "Feature",
      "geometry": {
        "type": "Point",
        "coordinates": [
          -76.13904,
          43.03843
        ]
      },
      "properties": {
        "id": "03359f2da02b2a3e553d138fda067b8f",
        "title": "VA Medical Center Syracuse, NY",
        "locationName": "Syracuse, NY",
        "displayName": "Megan Queary",
        "email": "megan.queary@va.gov",
        "phoneNumber": "315-425-4400",
        "ext": "54672",
        "recruiterType": "nurse",
        "city": "Syracuse",
        "state": "NY",
        "visn": "2",
        "stationNumber": "528 E",
        "sourceSheet": "Smartsheet Gov - VA RN Facility Nurse Recruiter Directory",
        "nurseRecruiter": "QUEARY, MEGAN",
        "role": "RN",
        "consortium": "1-VANEC"
      }
    },
    {
      "type": "Feature",
      "geometry": {
        "type": "Point",
        "coordinates": [
          -76.13904,
          43.03843
        ]
      },
      "properties": {
        "id": "8aa4c490d6033fa28accff6b13345a4e",
        "title": "VA Syracuse Health Care System",
        "locationName": "Syracuse, NY",
        "displayName": "John Holmes",
        "email": "john.holmes1@va.gov",
        "phoneNumber": "315-569-1577",
        "ext": "",
        "recruiterType": "ppr",
        "city": "Syracuse",
        "state": "NY",
        "visn": "2",
        "sourceSheet": "Smartsheet Gov - PPR Directory"
      }
    },
    {
      "type": "Feature",
      "geometry": {
        "type": "Point",
        "coordinates": [
          -87.97633,
          43.02076
        ]
      },
      "properties": {
        "id": "7d304b7830c28b3cb62cc02b1a0e3ff9",
        "title": "VA Medical Center Milwaukee, WI: Clement J. Zablocki",
        "locationName": "Milwaukee, WI",
        "displayName": "Vacant/ Abolished",
        "email": "vacant",
        "phoneNumber": "",
        "ext": "",
        "recruiterType": "nurse",
        "city": "Milwaukee",
        "state": "WI",
        "visn": "12",
        "stationNumber": "695",
        "sourceSheet": "Smartsheet Gov - VA RN Facility Nurse Recruiter Directory",
        "nurseRecruiter": "VACANT/ ABOLISHED",
        "role": "RN",
        "consortium": "3-MidCon"
      }
    },
    {
      "type": "Feature",
      "geometry": {
        "type": "Point",
        "coordinates": [
          -87.97633,
          43.02076
        ]
      },
      "properties": {
        "id": "f6f83179409317e00392bf615794051d",
        "title": "VA Medical Center Milwaukee, WI: Clement J. Zablocki",
        "locationName": "Milwaukee, WI",
        "displayName": "Vacant",
        "email": "vacant",
        "phoneNumber": "",
        "ext": "44962",
        "recruiterType": "nurse",
        "city": "Milwaukee",
        "state": "WI",
        "visn": "12",
        "stationNumber": "695",
        "sourceSheet": "Smartsheet Gov - VA RN Facility Nurse Recruiter Directory",
        "nurseRecruiter": "VACANT",
        "role": "RN",
        "consortium": "3-MidCon"
      }
    },
    {
      "type": "Feature",
      "geometry": {
        "type": "Point",
        "coordinates": [
          -87.97633,
          43.02076
        ]
      },
      "properties": {
        "id": "55f788bd4821e976895923a6bd95654a",
        "title": "VA Milwaukee Health Care System",
        "locationName": "Milwaukee, WI",
        "displayName": "JP Pryan",
        "email": "james.pryan@va.gov",
        "phoneNumber": "785-221-0838",
        "ext": "",
        "recruiterType": "ppr",
        "city": "Milwaukee",
        "state": "WI",
        "visn": "12",
        "sourceSheet": "Smartsheet Gov - PPR Directory"
      }
    },
    {
      "type": "Feature",
      "geometry": {
        "type": "Point",
        "coordinates": [
          -71.44102,
          43.01256
        ]
      },
      "properties": {
        "id": "6655bfb1b9f9de1272a7557c74c9dabc",
        "title": "VA Medical Center Manchester, NH",
        "locationName": "Manchester, NH",
        "displayName": "Melissa Brough",
        "email": "melissa.brough@va.gov",
        "phoneNumber": "603-624-4366",
        "ext": "6072",
        "recruiterType": "nurse",
        "city": "Manchester",
        "state": "NH",
        "visn": "1",
        "stationNumber": "608",
        "sourceSheet": "Smartsheet Gov - VA RN Facility Nurse Recruiter Directory",
        "nurseRecruiter": "BROUGH, MELISSA",
        "role": "RN",
        "consortium": "1-VANEC"
      }
    },
    {
      "type": "Feature",
      "geometry": {
        "type": "Point",
        "coordinates": [
          -71.44102,
          43.01256
        ]
      },
      "properties": {
        "id": "5071547ee025a040cbebbed734bcfd97",
        "title": "VA Manchester Health Care System",
        "locationName": "Manchester, NH",
        "displayName": "Brian Samolyk",
        "email": "brian.samolyk@va.gov",
        "phoneNumber": "603-548-7830",
        "ext": "",
        "recruiterType": "ppr",
        "city": "Manchester",
        "state": "NH",
        "visn": "1",
        "sourceSheet": "Smartsheet Gov - PPR Directory"
      }
    },
    {
      "type": "Feature",
      "geometry": {
        "type": "Point",
        "coordinates": [
          -78.81342,
          42.95118
        ]
      },
      "properties": {
        "id": "4292ebc0cda6ea257e527260f1268e95",
        "title": "VA Western New York Healthcare System",
        "locationName": "Buffalo, NY",
        "displayName": "Micki Santa Maria",
        "email": "micki.santamaria@va.gov",
        "phoneNumber": "716-862-8808",
        "ext": "",
        "recruiterType": "nurse",
        "city": "Buffalo",
        "state": "NY",
        "visn": "2",
        "stationNumber": "528",
        "sourceSheet": "Smartsheet Gov - VA RN Facility Nurse Recruiter Directory",
        "nurseRecruiter": "SANTA MARIA, MICKI",
        "role": "RN",
        "consortium": "1-VANEC"
      }
    },
    {
      "type": "Feature",
      "geometry": {
        "type": "Point",
        "coordinates": [
          -78.81342,
          42.95118
        ]
      },
      "properties": {
        "id": "b5e6ca951b753aff6e4dfe485d5741a1",
        "title": "VA Western New York Health Care System",
        "locationName": "Buffalo, NY",
        "displayName": "Ken Mitchell",
        "email": "kenneth.mitchell3@va.gov",
        "phoneNumber": "734-660-0024",
        "ext": "",
        "recruiterType": "ppr",
        "city": "Buffalo",
        "state": "NY",
        "visn": "2",
        "sourceSheet": "Smartsheet Gov - PPR Directory"
      }
    },
    {
      "type": "Feature",
      "geometry": {
        "type": "Point",
        "coordinates": [
          -77.26932,
          42.90133
        ]
      },
      "properties": {
        "id": "6ae5226e63fbf5f2bd378d82a972afcc",
        "title": "VA Medical Center Finger Lakes, NY",
        "locationName": "Canandaigua, NY",
        "displayName": "Vacant",
        "email": "vacant",
        "phoneNumber": "",
        "ext": "",
        "recruiterType": "nurse",
        "city": "Canandaigua",
        "state": "NY",
        "visn": "2",
        "stationNumber": "528 F",
        "sourceSheet": "Smartsheet Gov - VA RN Facility Nurse Recruiter Directory",
        "nurseRecruiter": "VACANT",
        "role": "RN",
        "consortium": "1-VANEC"
      }
    },
    {
      "type": "Feature",
      "geometry": {
        "type": "Point",
        "coordinates": [
          -77.26932,
          42.90133
        ]
      },
      "properties": {
        "id": "d588655faedcce803d77669cc284c367",
        "title": "VA Finger Lakes Health Care System",
        "locationName": "Canandaigua, NY",
        "displayName": "Shane Stults",
        "email": "shane.stults@va.gov",
        "phoneNumber": "716-982-1949",
        "ext": "",
        "recruiterType": "ppr",
        "city": "Canandaigua",
        "state": "NY",
        "visn": "2",
        "sourceSheet": "Smartsheet Gov - PPR Directory"
      }
    },
    {
      "type": "Feature",
      "geometry": {
        "type": "Point",
        "coordinates": [
          -73.77188,
          42.65071
        ]
      },
      "properties": {
        "id": "de213178fa27ec99db703be7780fe6a4",
        "title": "VA Medical Center Albany, NY: Samuel S. Stratton",
        "locationName": "Albany, NY",
        "displayName": "Carolyn Scott",
        "email": "carolyn.scott4@va.gov",
        "phoneNumber": "518-626-6172",
        "ext": "",
        "recruiterType": "nurse",
        "city": "Albany",
        "state": "NY",
        "visn": "2",
        "stationNumber": "528 D",
        "sourceSheet": "Smartsheet Gov - VA RN Facility Nurse Recruiter Directory",
        "nurseRecruiter": "SCOTT, CAROLYN",
        "role": "RN",
        "consortium": "1-VANEC"
      }
    },
    {
      "type": "Feature",
      "geometry": {
        "type": "Point",
        "coordinates": [
          -73.77188,
          42.65071
        ]
      },
      "properties": {
        "id": "08605608ae878d4e8d9995a7b601888c",
        "title": "VA Albany Health Care System",
        "locationName": "Albany, NY",
        "displayName": "Suzanne Guzy",
        "email": "suzanne.guzy@va.gov",
        "phoneNumber": "585-282-9113",
        "ext": "",
        "recruiterType": "ppr",
        "city": "Albany",
        "state": "NY",
        "visn": "2",
        "sourceSheet": "Smartsheet Gov - PPR Directory"
      }
    },
    {
      "type": "Feature",
      "geometry": {
        "type": "Point",
        "coordinates": [
          -71.27333,
          42.50481
        ]
      },
      "properties": {
        "id": "83f165b6f51ea591b84dac4ad9cfba28",
        "title": "VA Bedford Healthcare System",
        "locationName": "Bedford, MA",
        "displayName": "Vacant",
        "email": "vacant",
        "phoneNumber": "",
        "ext": "",
        "recruiterType": "nurse",
        "city": "Bedford",
        "state": "MA",
        "visn": "1",
        "stationNumber": "518",
        "sourceSheet": "Smartsheet Gov - VA RN Facility Nurse Recruiter Directory",
        "nurseRecruiter": "VACANT",
        "role": "RN",
        "consortium": "1-VANEC"
      }
    },
    {
      "type": "Feature",
      "geometry": {
        "type": "Point",
        "coordinates": [
          -71.27333,
          42.50481
        ]
      },
      "properties": {
        "id": "03f85dd9d89e8c4802cb62869e50d8e5",
        "title": "VA Bedford Health Care System",
        "locationName": "Bedford, MA",
        "displayName": "Reesah Speller",
        "email": "reesha.speller@va.gov",
        "phoneNumber": "757-450-6661",
        "ext": "",
        "recruiterType": "ppr",
        "city": "Bedford",
        "state": "MA",
        "visn": "1",
        "sourceSheet": "Smartsheet Gov - PPR Directory"
      }
    },
    {
      "type": "Feature",
      "geometry": {
        "type": "Point",
        "coordinates": [
          -122.858,
          42.438
        ]
      },
      "properties": {
        "id": "a6d202e90db777283f0e42e9801774c5",
        "title": "VA Southern Oregon Health Care System",
        "locationName": "White City, OR",
        "displayName": "Hank Laguatan",
        "email": "henry.laguatan@va.gov",
        "phoneNumber": "206-459-7927",
        "ext": "",
        "recruiterType": "ppr",
        "city": "White City",
        "state": "OR",
        "visn": "20",
        "sourceSheet": "Smartsheet Gov - PPR Directory"
      }
    },
    {
      "type": "Feature",
      "geometry": {
        "type": "Point",
        "coordinates": [
          -72.6821,
          42.35103
        ]
      },
      "properties": {
        "id": "64110a35936ea9511b59a5e2206dd44c",
        "title": "VA Central Western MA HCS: Northhampton VAMC",
        "locationName": "Leeds, MA",
        "displayName": "Briana P Durham",
        "email": "briana.durham@va.gov",
        "phoneNumber": "413-584-4040",
        "ext": "2931",
        "recruiterType": "nurse",
        "city": "Leeds",
        "state": "MA",
        "visn": "1",
        "stationNumber": "631",
        "sourceSheet": "Smartsheet Gov - VA RN Facility Nurse Recruiter Directory",
        "nurseRecruiter": "DURHAM, BRIANA P",
        "role": "RN",
        "consortium": "1-VANEC"
      }
    },
    {
      "type": "Feature",
      "geometry": {
        "type": "Point",
        "coordinates": [
          -72.6821,
          42.35103
        ]
      },
      "properties": {
        "id": "f04c9b81b36bbd7a8cc7c0cfb35e850a",
        "title": "VA Central Western Massachusetts Health Care System",
        "locationName": "Leeds, MA",
        "displayName": "Reesah Speller",
        "email": "reesha.speller@va.gov",
        "phoneNumber": "757-450-6661",
        "ext": "",
        "recruiterType": "ppr",
        "city": "Leeds",
        "state": "MA",
        "visn": "1",
        "sourceSheet": "Smartsheet Gov - PPR Directory"
      }
    },
    {
      "type": "Feature",
      "geometry": {
        "type": "Point",
        "coordinates": [
          -85.29142,
          42.34352
        ]
      },
      "properties": {
        "id": "363d957d6fe150b6061c7e014195741e",
        "title": "Battle Creek VA Medical Center",
        "locationName": "Battle Creek, MI",
        "displayName": "Jennifer G Newsome",
        "email": "jennifer.newsome@va.gov",
        "phoneNumber": "269-966-5600",
        "ext": "35240",
        "recruiterType": "nurse",
        "city": "Battle Creek",
        "state": "MI",
        "visn": "10",
        "stationNumber": "515",
        "sourceSheet": "Smartsheet Gov - VA RN Facility Nurse Recruiter Directory",
        "nurseRecruiter": "NEWSOME, JENNIFER G",
        "role": "RN",
        "consortium": "3-MidCon"
      }
    },
    {
      "type": "Feature",
      "geometry": {
        "type": "Point",
        "coordinates": [
          -85.29142,
          42.34352
        ]
      },
      "properties": {
        "id": "eb9f090826b9a2a51e96386f78cca107",
        "title": "VA Battle Creek Health Care System",
        "locationName": "Battle Creek, MI",
        "displayName": "Heathre VanRiper",
        "email": "heathre.vanriper@va.gov",
        "phoneNumber": "989-220-6208",
        "ext": "",
        "recruiterType": "ppr",
        "city": "Battle Creek",
        "state": "MI",
        "visn": "10",
        "sourceSheet": "Smartsheet Gov - PPR Directory"
      }
    },
    {
      "type": "Feature",
      "geometry": {
        "type": "Point",
        "coordinates": [
          -83.01538,
          42.3419
        ]
      },
      "properties": {
        "id": "d36bafd35c738c34981fb8f0744c8bfc",
        "title": "Detroit VA Medical Center",
        "locationName": "Detroit, MI",
        "displayName": "Vacant",
        "email": "vacant",
        "phoneNumber": "",
        "ext": "",
        "recruiterType": "nurse",
        "city": "Detroit",
        "state": "MI",
        "visn": "10",
        "stationNumber": "553",
        "sourceSheet": "Smartsheet Gov - VA RN Facility Nurse Recruiter Directory",
        "nurseRecruiter": "VACANT",
        "role": "RN",
        "consortium": "3-MidCon"
      }
    },
    {
      "type": "Feature",
      "geometry": {
        "type": "Point",
        "coordinates": [
          -83.01538,
          42.3419
        ]
      },
      "properties": {
        "id": "a725e5986369d98982d75846e724521a",
        "title": "VA Detroit Health Care System",
        "locationName": "Detroit, MI",
        "displayName": "Charles Long",
        "email": "charles.long4@va.gov",
        "phoneNumber": "781-589-1291",
        "ext": "",
        "recruiterType": "ppr",
        "city": "Detroit",
        "state": "MI",
        "visn": "10",
        "sourceSheet": "Smartsheet Gov - PPR Directory"
      }
    },
    {
      "type": "Feature",
      "geometry": {
        "type": "Point",
        "coordinates": [
          -71.11042,
          42.32692
        ]
      },
      "properties": {
        "id": "f1f31dd81f8741903da6c39f0062adff",
        "title": "VA Boston Health Care System",
        "locationName": "Boston, MA",
        "displayName": "Jessica Ash",
        "email": "jessica.ash2@va.gov",
        "phoneNumber": "774-826-1201",
        "ext": "",
        "recruiterType": "nurse",
        "city": "Boston",
        "state": "MA",
        "visn": "1",
        "stationNumber": "523",
        "sourceSheet": "Smartsheet Gov - VA RN Facility Nurse Recruiter Directory",
        "nurseRecruiter": "ASH, JESSICA",
        "role": "RN",
        "consortium": "1-VANEC"
      }
    },
    {
      "type": "Feature",
      "geometry": {
        "type": "Point",
        "coordinates": [
          -71.11042,
          42.32692
        ]
      },
      "properties": {
        "id": "0aae7c1421df5579a78aa67d1f2f7a0e",
        "title": "VA Boston Health Care System",
        "locationName": "Boston, MA",
        "displayName": "Tracy Busa",
        "email": "tracy.busa@va.gov",
        "phoneNumber": "774-826-3636",
        "ext": "",
        "recruiterType": "nurse",
        "city": "Boston",
        "state": "MA",
        "visn": "1",
        "stationNumber": "523",
        "sourceSheet": "Smartsheet Gov - VA RN Facility Nurse Recruiter Directory",
        "nurseRecruiter": "BUSA, TRACY",
        "role": "RN",
        "consortium": "1-VANEC"
      }
    },
    {
      "type": "Feature",
      "geometry": {
        "type": "Point",
        "coordinates": [
          -71.11042,
          42.32692
        ]
      },
      "properties": {
        "id": "96a0e8d4e936896f982e9ff5c2b72739",
        "title": "VA Boston Health Care System",
        "locationName": "Boston, MA",
        "displayName": "Casey Hightower",
        "email": "casey.hightower@va.gov",
        "phoneNumber": "508-521-3798",
        "ext": "",
        "recruiterType": "nurse",
        "city": "Boston",
        "state": "MA",
        "visn": "1",
        "stationNumber": "523",
        "sourceSheet": "Smartsheet Gov - VA RN Facility Nurse Recruiter Directory",
        "nurseRecruiter": "HIGHTOWER, CASEY",
        "role": "RN",
        "consortium": "1-VANEC"
      }
    },
    {
      "type": "Feature",
      "geometry": {
        "type": "Point",
        "coordinates": [
          -71.11042,
          42.32692
        ]
      },
      "properties": {
        "id": "b4fa6f883ecf10cd6be9a479d0f66e0d",
        "title": "VA Boston Health Care System",
        "locationName": "Boston, MA",
        "displayName": "Laikyn Nadeau",
        "email": "laikyn.nadeau@va.gov",
        "phoneNumber": "774-826-3622",
        "ext": "",
        "recruiterType": "nurse",
        "city": "Boston",
        "state": "MA",
        "visn": "1",
        "stationNumber": "523",
        "sourceSheet": "Smartsheet Gov - VA RN Facility Nurse Recruiter Directory",
        "nurseRecruiter": "NADEAU, LAIKYN",
        "role": "RN",
        "consortium": "1-VANEC"
      }
    },
    {
      "type": "Feature",
      "geometry": {
        "type": "Point",
        "coordinates": [
          -71.11042,
          42.32692
        ]
      },
      "properties": {
        "id": "2dc2f31164d3f9a57c4545d7c3942c75",
        "title": "VA Boston Health Care System",
        "locationName": "Boston, MA",
        "displayName": "Tegan Baldwin",
        "email": "tegan.baldwin@va.gov",
        "phoneNumber": "207-694-9399",
        "ext": "",
        "recruiterType": "ppr",
        "city": "Boston",
        "state": "MA",
        "visn": "1",
        "sourceSheet": "Smartsheet Gov - PPR Directory"
      }
    },
    {
      "type": "Feature",
      "geometry": {
        "type": "Point",
        "coordinates": [
          -87.8601,
          42.30761
        ]
      },
      "properties": {
        "id": "03b03b13e1bec9fa965fb7dcbc684d32",
        "title": "Captain James A. Lovell Federal Health Care Facility",
        "locationName": "North Chicago, IL",
        "displayName": "Cecilia A Sherrod",
        "email": "cecilia.sherrod@va.gov",
        "phoneNumber": "224-610-3053",
        "ext": "63053",
        "recruiterType": "nurse",
        "city": "North Chicago",
        "state": "IL",
        "visn": "12",
        "stationNumber": "556",
        "sourceSheet": "Smartsheet Gov - VA RN Facility Nurse Recruiter Directory",
        "nurseRecruiter": "SHERROD, CECILIA A",
        "role": "RN",
        "consortium": "3-MidCon"
      }
    },
    {
      "type": "Feature",
      "geometry": {
        "type": "Point",
        "coordinates": [
          -87.8601,
          42.30761
        ]
      },
      "properties": {
        "id": "84bda1ff2dbd21da100e2a763e52a54a",
        "title": "VA Lovell Federal Health Care Center",
        "locationName": "North Chicago, IL",
        "displayName": "Charles Long",
        "email": "charles.long4@va.gov",
        "phoneNumber": "781-589-1291",
        "ext": "",
        "recruiterType": "ppr",
        "city": "North Chicago",
        "state": "IL",
        "visn": "12",
        "sourceSheet": "Smartsheet Gov - PPR Directory"
      }
    },
    {
      "type": "Feature",
      "geometry": {
        "type": "Point",
        "coordinates": [
          -83.71511,
          42.28609
        ]
      },
      "properties": {
        "id": "bfece9ace9856418196e0a82a82dc7e2",
        "title": "VA Ann Arbor Health Care System",
        "locationName": "Ann Arbor, MI",
        "displayName": "Julia Stoecke",
        "email": "julia.stoeckle@va.gov",
        "phoneNumber": "734-272-6819",
        "ext": "",
        "recruiterType": "nurse",
        "city": "Ann Arbor",
        "state": "MI",
        "visn": "10",
        "stationNumber": "506",
        "sourceSheet": "Smartsheet Gov - VA RN Facility Nurse Recruiter Directory",
        "nurseRecruiter": "STOECKE, JULIA",
        "role": "RN",
        "consortium": "3-MidCon"
      }
    },
    {
      "type": "Feature",
      "geometry": {
        "type": "Point",
        "coordinates": [
          -83.71511,
          42.28609
        ]
      },
      "properties": {
        "id": "79c63ac3498e3fe643074673367b6ee1",
        "title": "VA Ann Arbor Health Care System",
        "locationName": "Ann Arbor, MI",
        "displayName": "Sharon Hall",
        "email": "sharon.hall5@va.gov",
        "phoneNumber": "734-845-5714",
        "ext": "",
        "recruiterType": "nurse",
        "city": "Ann Arbor",
        "state": "MI",
        "visn": "10",
        "sourceSheet": "Smartsheet Gov - VA RN Facility Nurse Recruiter Directory",
        "nurseRecruiter": "HALL, SHARON"
      }
    },
    {
      "type": "Feature",
      "geometry": {
        "type": "Point",
        "coordinates": [
          -83.71511,
          42.28609
        ]
      },
      "properties": {
        "id": "918b9af84013e0e5d942901247f8c630",
        "title": "VA Ann Arbor Health Care System",
        "locationName": "Ann Arbor, MI",
        "displayName": "Autumn M Mckinney",
        "email": "autumn.mckinney@va.gov",
        "phoneNumber": "734-222-4270",
        "ext": "24270",
        "recruiterType": "nurse",
        "city": "Ann Arbor",
        "state": "MI",
        "visn": "10",
        "stationNumber": "506",
        "sourceSheet": "Smartsheet Gov - VA RN Facility Nurse Recruiter Directory",
        "nurseRecruiter": "MCKINNEY, AUTUMN M.",
        "role": "RN",
        "consortium": "3-MidCon"
      }
    },
    {
      "type": "Feature",
      "geometry": {
        "type": "Point",
        "coordinates": [
          -83.71511,
          42.28609
        ]
      },
      "properties": {
        "id": "4c4d52cc935363df415257740d3cb26c",
        "title": "VA Ann Arbor Health Care System",
        "locationName": "Ann Arbor, MI",
        "displayName": "Ken Mitchell",
        "email": "kenneth.mitchell3@va.gov",
        "phoneNumber": "734-660-0024",
        "ext": "",
        "recruiterType": "ppr",
        "city": "Ann Arbor",
        "state": "MI",
        "visn": "10",
        "sourceSheet": "Smartsheet Gov - PPR Directory"
      }
    },
    {
      "type": "Feature",
      "geometry": {
        "type": "Point",
        "coordinates": [
          -80.06304,
          42.10209
        ]
      },
      "properties": {
        "id": "cd29648c95ed5964d1446e864c5b5b48",
        "title": "VA Medical Center Erie, PA",
        "locationName": "Erie, PA",
        "displayName": "Vacant",
        "email": "vacant",
        "phoneNumber": "",
        "ext": "",
        "recruiterType": "nurse",
        "city": "Erie",
        "state": "PA",
        "visn": "4",
        "stationNumber": "562",
        "sourceSheet": "Smartsheet Gov - VA RN Facility Nurse Recruiter Directory",
        "nurseRecruiter": "VACANT",
        "role": "RN",
        "consortium": "1-VANEC"
      }
    },
    {
      "type": "Feature",
      "geometry": {
        "type": "Point",
        "coordinates": [
          -80.06304,
          42.10209
        ]
      },
      "properties": {
        "id": "ffef5b8d03999325c2f432110c4abbba",
        "title": "VA Eric Health Care System",
        "locationName": "Erie, PA",
        "displayName": "Hope Hossenlopp",
        "email": "hope.hossenlopp@va.gov",
        "phoneNumber": "215-847-4601",
        "ext": "",
        "recruiterType": "ppr",
        "city": "Erie",
        "state": "PA",
        "visn": "4",
        "sourceSheet": "Smartsheet Gov - PPR Directory"
      }
    },
    {
      "type": "Feature",
      "geometry": {
        "type": "Point",
        "coordinates": [
          -87.67716,
          41.87074
        ]
      },
      "properties": {
        "id": "1dd63659c305682d46b29c5e5674c8d7",
        "title": "VA Medical Center Chicago, IL: Jesse Brown",
        "locationName": "Chicago, IL",
        "displayName": "Catherine Mullan",
        "email": "catherine.mullan@va.gov",
        "phoneNumber": "312-569-7132",
        "ext": "",
        "recruiterType": "nurse",
        "city": "Chicago",
        "state": "IL",
        "visn": "12",
        "stationNumber": "537",
        "sourceSheet": "Smartsheet Gov - VA RN Facility Nurse Recruiter Directory",
        "nurseRecruiter": "MULLAN, CATHERINE",
        "role": "RN",
        "consortium": "3-MidCon"
      }
    },
    {
      "type": "Feature",
      "geometry": {
        "type": "Point",
        "coordinates": [
          -87.67716,
          41.87074
        ]
      },
      "properties": {
        "id": "07df1df2c7b92d2ef5214a61322c356d",
        "title": "VA Medical Center Chicago, IL: Jesse Brown",
        "locationName": "Chicago, IL",
        "displayName": "Lori Riley",
        "email": "lori.riley@va.gov",
        "phoneNumber": "312-569-8428",
        "ext": "",
        "recruiterType": "nurse",
        "city": "Chicago",
        "state": "IL",
        "visn": "12",
        "stationNumber": "537",
        "sourceSheet": "Smartsheet Gov - VA RN Facility Nurse Recruiter Directory",
        "nurseRecruiter": "RILEY, LORI",
        "role": "RN",
        "consortium": "3-MidCon"
      }
    },
    {
      "type": "Feature",
      "geometry": {
        "type": "Point",
        "coordinates": [
          -87.67716,
          41.87074
        ]
      },
      "properties": {
        "id": "534f2cad1bd12020fd88b5e7f5328bc7",
        "title": "VA Chicago Health Care System",
        "locationName": "Chicago, IL",
        "displayName": "Michael Sprague",
        "email": "michael.sprague1@va.gov",
        "phoneNumber": "608-633-9648",
        "ext": "",
        "recruiterType": "ppr",
        "city": "Chicago",
        "state": "IL",
        "visn": "12",
        "sourceSheet": "Smartsheet Gov - PPR Directory"
      }
    },
    {
      "type": "Feature",
      "geometry": {
        "type": "Point",
        "coordinates": [
          -87.83759,
          41.84596
        ]
      },
      "properties": {
        "id": "3f47c8032867d196c67a527f1f9074c4",
        "title": "VA Medical Center Hines, IL: Edward Hines Jr",
        "locationName": "Hines, IL",
        "displayName": "Kimberley Richmond",
        "email": "kimberley.richmond@va.gov",
        "phoneNumber": "708-202-8387",
        "ext": "22204",
        "recruiterType": "nurse",
        "city": "Hines",
        "state": "IL",
        "visn": "12",
        "stationNumber": "578",
        "sourceSheet": "Smartsheet Gov - VA RN Facility Nurse Recruiter Directory",
        "groupEmail": "hinesnurserecruiter@va.gov",
        "nurseRecruiter": "RICHMOND, KIMBERLEY",
        "role": "RN",
        "consortium": "3-MidCon"
      }
    },
    {
      "type": "Feature",
      "geometry": {
        "type": "Point",
        "coordinates": [
          -87.83759,
          41.84596
        ]
      },
      "properties": {
        "id": "5b5ab2d0e466748f59e535628862c499",
        "title": "VA Hines Health Care System",
        "locationName": "Hines, IL",
        "displayName": "Charles Long",
        "email": "charles.long4@va.gov",
        "phoneNumber": "781-589-1291",
        "ext": "",
        "recruiterType": "ppr",
        "city": "Hines",
        "state": "IL",
        "visn": "12",
        "sourceSheet": "Smartsheet Gov - PPR Directory"
      }
    },
    {
      "type": "Feature",
      "geometry": {
        "type": "Point",
        "coordinates": [
          -71.433,
          41.83216
        ]
      },
      "properties": {
        "id": "66924e59f6fd0870ff22f29bf9446ae0",
        "title": "VA Medical Center Providence, RI",
        "locationName": "Providence, RI",
        "displayName": "Vacant",
        "email": "vacant",
        "phoneNumber": "",
        "ext": "14427",
        "recruiterType": "nurse",
        "city": "Providence",
        "state": "RI",
        "visn": "1",
        "stationNumber": "650",
        "sourceSheet": "Smartsheet Gov - VA RN Facility Nurse Recruiter Directory",
        "nurseRecruiter": "VACANT",
        "role": "RN",
        "consortium": "1-VANEC"
      }
    },
    {
      "type": "Feature",
      "geometry": {
        "type": "Point",
        "coordinates": [
          -71.433,
          41.83216
        ]
      },
      "properties": {
        "id": "2ba51ba9686a8e91fb1b5cca110d72e7",
        "title": "VA Providence Health Care System",
        "locationName": "Providence, RI",
        "displayName": "Michelle Todd",
        "email": "michelle.todd2@va.gov",
        "phoneNumber": "303-834-0007",
        "ext": "",
        "recruiterType": "ppr",
        "city": "Providence",
        "state": "RI",
        "visn": "1",
        "sourceSheet": "Smartsheet Gov - PPR Directory"
      }
    },
    {
      "type": "Feature",
      "geometry": {
        "type": "Point",
        "coordinates": [
          -91.54826,
          41.66352
        ]
      },
      "properties": {
        "id": "bf22ae077f24ad976b75b8a4fd6c3881",
        "title": "Iowa City VA Health Care System",
        "locationName": "Iowa City, IA",
        "displayName": "Alicia Beanblossom",
        "email": "alicia.beanblossom2@va.gov",
        "phoneNumber": "319-338-0581",
        "ext": "636823",
        "recruiterType": "nurse",
        "city": "Iowa City",
        "state": "IA",
        "visn": "23",
        "stationNumber": "636 I",
        "sourceSheet": "Smartsheet Gov - VA RN Facility Nurse Recruiter Directory",
        "nurseRecruiter": "BEANBLOSSOM, ALICIA",
        "role": "RN",
        "consortium": "3-MidCon"
      }
    },
    {
      "type": "Feature",
      "geometry": {
        "type": "Point",
        "coordinates": [
          -91.54826,
          41.66352
        ]
      },
      "properties": {
        "id": "1b940c50f4347983b9a20e647bc723c4",
        "title": "VA Iowa City Health Care System",
        "locationName": "Iowa City, IA",
        "displayName": "Kevin Buccola",
        "email": "kevin.buccola@va.gov",
        "phoneNumber": "985-634-5315",
        "ext": "",
        "recruiterType": "ppr",
        "city": "Iowa City",
        "state": "IA",
        "visn": "23",
        "sourceSheet": "Smartsheet Gov - PPR Directory"
      }
    },
    {
      "type": "Feature",
      "geometry": {
        "type": "Point",
        "coordinates": [
          -93.62031,
          41.58882
        ]
      },
      "properties": {
        "id": "073e44cf79f51d95e13979926e413cfd",
        "title": "VA Central Iowa Health Care System",
        "locationName": "Des Moines, IA",
        "displayName": "Ken Mitchell",
        "email": "kenneth.mitchell3@va.gov",
        "phoneNumber": "734-660-0024",
        "ext": "",
        "recruiterType": "ppr",
        "city": "Des Moines",
        "state": "IA",
        "visn": "23",
        "sourceSheet": "Smartsheet Gov - PPR Directory"
      }
    },
    {
      "type": "Feature",
      "geometry": {
        "type": "Point",
        "coordinates": [
          -81.61375,
          41.51326
        ]
      },
      "properties": {
        "id": "cd79575055d8e42d0c7a8de9ac7198fb",
        "title": "VA Medical Center Cleveland, OH: Louis Stokes",
        "locationName": "Cleveland, OH",
        "displayName": "Michelle Campbell",
        "email": "michelle.campbell3@va.gov",
        "phoneNumber": "216-791-2300",
        "ext": "45997",
        "recruiterType": "nurse",
        "city": "Cleveland",
        "state": "OH",
        "visn": "10",
        "stationNumber": "541",
        "sourceSheet": "Smartsheet Gov - VA RN Facility Nurse Recruiter Directory",
        "nurseRecruiter": "CAMPBELL, MICHELLE",
        "role": "RN",
        "consortium": "3-MidCon"
      }
    },
    {
      "type": "Feature",
      "geometry": {
        "type": "Point",
        "coordinates": [
          -81.61375,
          41.51326
        ]
      },
      "properties": {
        "id": "2fe66f5cf54aa92a1d18844bf06cce8b",
        "title": "VA Medical Center Cleveland, OH: Louis Stokes",
        "locationName": "Cleveland, OH",
        "displayName": "Leanne Kaminski",
        "email": "leanne.kaminski@va.gov",
        "phoneNumber": "216-791-2300",
        "ext": "45112",
        "recruiterType": "nurse",
        "city": "Cleveland",
        "state": "OH",
        "visn": "10",
        "stationNumber": "541",
        "sourceSheet": "Smartsheet Gov - VA RN Facility Nurse Recruiter Directory",
        "groupEmail": "vhaclevelandnurserecruiters@va.gov",
        "nurseRecruiter": "KAMINSKI, LEANNE",
        "role": "RN",
        "consortium": "3-MidCon"
      }
    },
    {
      "type": "Feature",
      "geometry": {
        "type": "Point",
        "coordinates": [
          -81.61375,
          41.51326
        ]
      },
      "properties": {
        "id": "9c93135fa079229ba4177acc93109232",
        "title": "VA Medical Center Cleveland, OH: Louis Stokes",
        "locationName": "Cleveland, OH",
        "displayName": "Katrina Kelley",
        "email": "katrina.kelley@va.gov",
        "phoneNumber": "216-791-2300",
        "ext": "45834",
        "recruiterType": "nurse",
        "city": "Cleveland",
        "state": "OH",
        "visn": "10",
        "stationNumber": "541",
        "sourceSheet": "Smartsheet Gov - VA RN Facility Nurse Recruiter Directory",
        "nurseRecruiter": "KELLEY, KATRINA",
        "role": "RN",
        "consortium": "3-MidCon"
      }
    },
    {
      "type": "Feature",
      "geometry": {
        "type": "Point",
        "coordinates": [
          -81.61375,
          41.51326
        ]
      },
      "properties": {
        "id": "fa11c8e98cc4b212850f69e60a080f17",
        "title": "VA Medical Center Cleveland, OH: Louis Stokes",
        "locationName": "Cleveland, OH",
        "displayName": "Suzi Matic",
        "email": "suzi.matic@va.gov",
        "phoneNumber": "216-791-2300",
        "ext": "45108",
        "recruiterType": "nurse",
        "city": "Cleveland",
        "state": "OH",
        "visn": "10",
        "stationNumber": "541",
        "sourceSheet": "Smartsheet Gov - VA RN Facility Nurse Recruiter Directory",
        "groupEmail": "vhaclevelandnurserecruiters@va.gov",
        "nurseRecruiter": "MATIC, SUZI",
        "role": "RN",
        "consortium": "3-MidCon"
      }
    },
    {
      "type": "Feature",
      "geometry": {
        "type": "Point",
        "coordinates": [
          -81.61375,
          41.51326
        ]
      },
      "properties": {
        "id": "2a85f4287f7ecccffdb47e6c135b09a7",
        "title": "VA Northeast Ohio Health Care System",
        "locationName": "Cleveland, OH",
        "displayName": "Terry Anderson",
        "email": "terrance.anderson@va.gov",
        "phoneNumber": "832-412-0937",
        "ext": "",
        "recruiterType": "ppr",
        "city": "Cleveland",
        "state": "OH",
        "visn": "10",
        "sourceSheet": "Smartsheet Gov - PPR Directory"
      }
    },
    {
      "type": "Feature",
      "geometry": {
        "type": "Point",
        "coordinates": [
          -72.9611,
          41.28195
        ]
      },
      "properties": {
        "id": "8770b5b1f920e4585a0d5c12fbd57859",
        "title": "VA Connecticut Healthcare System",
        "locationName": "West Haven, CT",
        "displayName": "Suzanne F Tortora",
        "email": "suzanne.tortora@va.gov",
        "phoneNumber": "203-932-5711",
        "ext": "4027",
        "recruiterType": "nurse",
        "city": "West Haven",
        "state": "CT",
        "visn": "1",
        "stationNumber": "689",
        "sourceSheet": "Smartsheet Gov - VA RN Facility Nurse Recruiter Directory",
        "nurseRecruiter": "TORTORA, SUZANNE F.",
        "role": "RN",
        "consortium": "1-VANEC"
      }
    },
    {
      "type": "Feature",
      "geometry": {
        "type": "Point",
        "coordinates": [
          -72.9611,
          41.28195
        ]
      },
      "properties": {
        "id": "69a1d30b281fd0670881495c9d143f9f",
        "title": "VA Connecticut Health Care System",
        "locationName": "West Haven, CT",
        "displayName": "Debbie Feiereisen",
        "email": "deborah.feiereisen@va.gov",
        "phoneNumber": "",
        "ext": "",
        "recruiterType": "ppr",
        "city": "West Haven",
        "state": "CT",
        "visn": "1",
        "sourceSheet": "Smartsheet Gov - PPR Directory"
      }
    },
    {
      "type": "Feature",
      "geometry": {
        "type": "Point",
        "coordinates": [
          -75.83598,
          41.2481
        ]
      },
      "properties": {
        "id": "3fc5f1545b83afb2749e5e864d0f31a7",
        "title": "VA Medical Center Wilkes Barre, PA",
        "locationName": "Wilkes-Barre, PA",
        "displayName": "Jamie Price (accardi)",
        "email": "jamie.price1@va.gov",
        "phoneNumber": "570-824-3521",
        "ext": "24348",
        "recruiterType": "nurse",
        "city": "Wilkes-Barre",
        "state": "PA",
        "visn": "4",
        "stationNumber": "693",
        "sourceSheet": "Smartsheet Gov - VA RN Facility Nurse Recruiter Directory",
        "nurseRecruiter": "PRICE (ACCARDI), JAMIE",
        "role": "RN",
        "consortium": "1-VANEC"
      }
    },
    {
      "type": "Feature",
      "geometry": {
        "type": "Point",
        "coordinates": [
          -75.83598,
          41.2481
        ]
      },
      "properties": {
        "id": "86554cfe8d14570137e0a2ff4431a0cf",
        "title": "VA Wilkes-Barre Health Care System",
        "locationName": "Wilkes-Barre, PA",
        "displayName": "Catrina Foley",
        "email": "catrina.foley@va.gov",
        "phoneNumber": "302-994-2511",
        "ext": "7460",
        "recruiterType": "ppr",
        "city": "Wilkes-Barre",
        "state": "PA",
        "visn": "4",
        "sourceSheet": "Smartsheet Gov - PPR Directory"
      }
    },
    {
      "type": "Feature",
      "geometry": {
        "type": "Point",
        "coordinates": [
          -73.92581,
          41.24508
        ]
      },
      "properties": {
        "id": "85b89f308fb9dd6fe8a367238cf08f20",
        "title": "VA Hudson Valley Healthcare System",
        "locationName": "Montrose, NY",
        "displayName": "Caroline Vogel",
        "email": "caroline.vogel@va.gov",
        "phoneNumber": "845-831-2000",
        "ext": "",
        "recruiterType": "nurse",
        "city": "Montrose",
        "state": "NY",
        "visn": "2",
        "stationNumber": "620",
        "sourceSheet": "Smartsheet Gov - VA RN Facility Nurse Recruiter Directory",
        "nurseRecruiter": "VOGEL, CAROLINE",
        "role": "RN",
        "consortium": "1-VANEC"
      }
    },
    {
      "type": "Feature",
      "geometry": {
        "type": "Point",
        "coordinates": [
          -73.92581,
          41.24508
        ]
      },
      "properties": {
        "id": "e7996320fb89731d5a670d451cccb099",
        "title": "VA Hudson Valley Health Care System",
        "locationName": "Montrose, NY",
        "displayName": "Jeanne LaBarge",
        "email": "jeanne.labarge@va.gov",
        "phoneNumber": "914-758-9344",
        "ext": "",
        "recruiterType": "ppr",
        "city": "Montrose",
        "state": "NY",
        "visn": "2",
        "sourceSheet": "Smartsheet Gov - PPR Directory"
      }
    },
    {
      "type": "Feature",
      "geometry": {
        "type": "Point",
        "coordinates": [
          -95.97529,
          41.24476
        ]
      },
      "properties": {
        "id": "487224bf4aa60f21dc24171edb71cb25",
        "title": "VA Nebraska-Western Iowa Healthcare System, Omaha, NE",
        "locationName": "Omaha, NE",
        "displayName": "Victoria .a. Nelson",
        "email": "victoria.nelson@va.gov",
        "phoneNumber": "402-995-4159",
        "ext": "",
        "recruiterType": "nurse",
        "city": "Omaha",
        "state": "NE",
        "visn": "23",
        "stationNumber": "636",
        "sourceSheet": "Smartsheet Gov - VA RN Facility Nurse Recruiter Directory",
        "nurseRecruiter": "NELSON, VICTORIA .A.",
        "role": "RN",
        "consortium": "3-MidCon"
      }
    },
    {
      "type": "Feature",
      "geometry": {
        "type": "Point",
        "coordinates": [
          -95.97529,
          41.24476
        ]
      },
      "properties": {
        "id": "2e0e7197a8c3b8c447469f768a8d3c32",
        "title": "VA Nebraska-Western Iowa Health Care System",
        "locationName": "Omaha, NE",
        "displayName": "Kevin Buccola",
        "email": "kevin.buccola@va.gov",
        "phoneNumber": "985-634-5315",
        "ext": "",
        "recruiterType": "ppr",
        "city": "Omaha",
        "state": "NE",
        "visn": "23",
        "sourceSheet": "Smartsheet Gov - PPR Directory"
      }
    },
    {
      "type": "Feature",
      "geometry": {
        "type": "Point",
        "coordinates": [
          -104.7867,
          41.148
        ]
      },
      "properties": {
        "id": "5a4919fe502da307d23ed2253bbaed00",
        "title": "VA Medical Center Cheyenne, WY",
        "locationName": "Cheyenne, WY",
        "displayName": "Whitney Peterson",
        "email": "whitney.peterson@va.gov",
        "phoneNumber": "307-778-7550",
        "ext": "3911",
        "recruiterType": "nurse",
        "city": "Cheyenne",
        "state": "WY",
        "visn": "19",
        "stationNumber": "442",
        "sourceSheet": "Smartsheet Gov - VA RN Facility Nurse Recruiter Directory",
        "nurseRecruiter": "PETERSON, WHITNEY",
        "role": "RN",
        "consortium": "4-WSNC"
      }
    },
    {
      "type": "Feature",
      "geometry": {
        "type": "Point",
        "coordinates": [
          -104.7867,
          41.148
        ]
      },
      "properties": {
        "id": "b55f716af99a76a8fb85ba5f2ebf7cb4",
        "title": "VA Cheyenne Health Care System",
        "locationName": "Cheyenne, WY",
        "displayName": "Marti Kimmel",
        "email": "martha.kimmel@va.gov",
        "phoneNumber": "307-433-3744",
        "ext": "",
        "recruiterType": "ppr",
        "city": "Cheyenne",
        "state": "WY",
        "visn": "19",
        "sourceSheet": "Smartsheet Gov - PPR Directory"
      }
    },
    {
      "type": "Feature",
      "geometry": {
        "type": "Point",
        "coordinates": [
          -85.10966,
          41.09084
        ]
      },
      "properties": {
        "id": "ddee26867c5ded8b5780e644b0840c0d",
        "title": "VA Northern Indiana Healthcare System",
        "locationName": "Fort Wayne, IN",
        "displayName": "Denise Richardson",
        "email": "denise.richardson@va.gov",
        "phoneNumber": "765-674-3321",
        "ext": "73417",
        "recruiterType": "nurse",
        "city": "Fort Wayne",
        "state": "IN",
        "visn": "10",
        "stationNumber": "610",
        "sourceSheet": "Smartsheet Gov - VA RN Facility Nurse Recruiter Directory",
        "nurseRecruiter": "RICHARDSON, DENISE",
        "role": "RN",
        "consortium": "3-MidCon"
      }
    },
    {
      "type": "Feature",
      "geometry": {
        "type": "Point",
        "coordinates": [
          -85.10966,
          41.09084
        ]
      },
      "properties": {
        "id": "7208a3431ede556fbe7bb4dd702789c9",
        "title": "VA Northern Indiana Health Care System",
        "locationName": "Fort Wayne, IN",
        "displayName": "Amy Ellis",
        "email": "amy.ellis1@va.gov",
        "phoneNumber": "217-304-5655",
        "ext": "",
        "recruiterType": "ppr",
        "city": "Fort Wayne",
        "state": "IN",
        "visn": "10",
        "sourceSheet": "Smartsheet Gov - PPR Directory"
      }
    },
    {
      "type": "Feature",
      "geometry": {
        "type": "Point",
        "coordinates": [
          -73.30871,
          40.89367
        ]
      },
      "properties": {
        "id": "d859600ecb37e8cf5cc2c25906ddd861",
        "title": "VA Medical Center Northport",
        "locationName": "Northport, NY",
        "displayName": "Maggie O'Neill",
        "email": "maggie.oneill@va.gov",
        "phoneNumber": "631-261-4400",
        "ext": "7631",
        "recruiterType": "nurse",
        "city": "Northport",
        "state": "NY",
        "visn": "2",
        "stationNumber": "632",
        "sourceSheet": "Smartsheet Gov - VA RN Facility Nurse Recruiter Directory",
        "nurseRecruiter": "O'NEILL, MAGGIE",
        "role": "RN",
        "consortium": "1-VANEC"
      }
    },
    {
      "type": "Feature",
      "geometry": {
        "type": "Point",
        "coordinates": [
          -73.30871,
          40.89367
        ]
      },
      "properties": {
        "id": "54081a5f40157511cdd398dde2b54b69",
        "title": "VA Northport Health Care System",
        "locationName": "Northport, NY",
        "displayName": "Kevin Buccola",
        "email": "kevin.buccola@va.gov",
        "phoneNumber": "716-982-1949",
        "ext": "",
        "recruiterType": "ppr",
        "city": "Northport",
        "state": "NY",
        "visn": "2",
        "sourceSheet": "Smartsheet Gov - PPR Directory"
      }
    },
    {
      "type": "Feature",
      "geometry": {
        "type": "Point",
        "coordinates": [
          -79.94499,
          40.87241
        ]
      },
      "properties": {
        "id": "7d022c5dba1ccc63658ff60d9b82c7ed",
        "title": "VA Medical Center Butler, PA",
        "locationName": "Butler, PA",
        "displayName": "Nicole Thompson",
        "email": "nicole.thompson3@va.gov",
        "phoneNumber": "878-271-6713",
        "ext": "",
        "recruiterType": "nurse",
        "city": "Butler",
        "state": "PA",
        "visn": "4",
        "stationNumber": "529",
        "sourceSheet": "Smartsheet Gov - VA RN Facility Nurse Recruiter Directory",
        "nurseRecruiter": "THOMPSON, NICOLE",
        "role": "RN",
        "consortium": "1-VANEC"
      }
    },
    {
      "type": "Feature",
      "geometry": {
        "type": "Point",
        "coordinates": [
          -79.94499,
          40.87241
        ]
      },
      "properties": {
        "id": "8be90a3276a5a7a95732e4d548947cd0",
        "title": "VA Butler Health Care System",
        "locationName": "Butler, PA",
        "displayName": "Daphne Binimelis",
        "email": "daphne.binimelis@va.gov",
        "phoneNumber": "215-847-4601",
        "ext": "",
        "recruiterType": "ppr",
        "city": "Butler",
        "state": "PA",
        "visn": "4",
        "sourceSheet": "Smartsheet Gov - PPR Directory"
      }
    },
    {
      "type": "Feature",
      "geometry": {
        "type": "Point",
        "coordinates": [
          -73.90663,
          40.86738
        ]
      },
      "properties": {
        "id": "d8e90f7425371a09ec7773ba8e7269f0",
        "title": "VA Medical Center Bronx, NY: James J. Peters",
        "locationName": "Bronx, NY",
        "displayName": "Michaelle Williams",
        "email": "michaelle.williams@va.gov",
        "phoneNumber": "718-584-9000",
        "ext": "",
        "recruiterType": "nurse",
        "city": "Bronx",
        "state": "NY",
        "visn": "2",
        "stationNumber": "526",
        "sourceSheet": "Smartsheet Gov - VA RN Facility Nurse Recruiter Directory",
        "nurseRecruiter": "WILLIAMS, MICHAELLE",
        "role": "RN",
        "consortium": "1-VANEC"
      }
    },
    {
      "type": "Feature",
      "geometry": {
        "type": "Point",
        "coordinates": [
          -73.90663,
          40.86738
        ]
      },
      "properties": {
        "id": "b5400bc85dda272d135154f191d871df",
        "title": "VA Bronx Health Care System",
        "locationName": "Bronx, NY",
        "displayName": "Charles Long",
        "email": "charles.long4@va.gov",
        "phoneNumber": "716-982-1949",
        "ext": "",
        "recruiterType": "ppr",
        "city": "Bronx",
        "state": "NY",
        "visn": "2",
        "sourceSheet": "Smartsheet Gov - PPR Directory"
      }
    },
    {
      "type": "Feature",
      "geometry": {
        "type": "Point",
        "coordinates": [
          -111.83849,
          40.75393
        ]
      },
      "properties": {
        "id": "13ef7cfe3b270df6d7a6af9cfec7b778",
        "title": "VA Salt Lake City Health Care System, UT: George E. Wahlen",
        "locationName": "Salt Lake City, UT",
        "displayName": "Gordon Clifford",
        "email": "gordon.clifford@va.gov",
        "phoneNumber": "801-582-1565",
        "ext": "1830",
        "recruiterType": "nurse",
        "city": "Salt Lake City",
        "state": "UT",
        "visn": "19",
        "stationNumber": "660",
        "sourceSheet": "Smartsheet Gov - VA RN Facility Nurse Recruiter Directory",
        "nurseRecruiter": "CLIFFORD, GORDON",
        "role": "RN",
        "consortium": "4-WSNC"
      }
    },
    {
      "type": "Feature",
      "geometry": {
        "type": "Point",
        "coordinates": [
          -111.83849,
          40.75393
        ]
      },
      "properties": {
        "id": "7c4b49c771a1f45c870a120aa212a9f6",
        "title": "VA Salt Lake City Health Care System, UT: George E. Wahlen",
        "locationName": "Salt Lake City, UT",
        "displayName": "Toni Smolka",
        "email": "toni.smolka@va.gov",
        "phoneNumber": "801-582-1565",
        "ext": "3434",
        "recruiterType": "nurse",
        "city": "Salt Lake City",
        "state": "UT",
        "visn": "19",
        "stationNumber": "660",
        "sourceSheet": "Smartsheet Gov - VA RN Facility Nurse Recruiter Directory",
        "nurseRecruiter": "SMOLKA, TONI",
        "role": "RN",
        "consortium": "4-WSNC"
      }
    },
    {
      "type": "Feature",
      "geometry": {
        "type": "Point",
        "coordinates": [
          -111.83849,
          40.75393
        ]
      },
      "properties": {
        "id": "c3c638f121c8d5f009d84bd80c8c11ad",
        "title": "VA Salt Lake City Health Care System",
        "locationName": "Salt Lake City, UT",
        "displayName": "Hank Laguatan",
        "email": "henry.laguatan@va.gov",
        "phoneNumber": "206-459-7927",
        "ext": "",
        "recruiterType": "ppr",
        "city": "Salt Lake City",
        "state": "UT",
        "visn": "19",
        "sourceSheet": "Smartsheet Gov - PPR Directory"
      }
    },
    {
      "type": "Feature",
      "geometry": {
        "type": "Point",
        "coordinates": [
          -74.23609,
          40.75256
        ]
      },
      "properties": {
        "id": "d6edbe384429c17b2c1e7cd1b7d6ce36",
        "title": "VA New Jersey Healthcare System",
        "locationName": "East Orange, NJ",
        "displayName": "Rebecca M Nagy",
        "email": "rebecca.nagy@va.gov",
        "phoneNumber": "908-647-0180",
        "ext": "214049",
        "recruiterType": "nurse",
        "city": "East Orange",
        "state": "NJ",
        "visn": "2",
        "stationNumber": "561",
        "sourceSheet": "Smartsheet Gov - VA RN Facility Nurse Recruiter Directory",
        "nurseRecruiter": "NAGY, REBECCA M",
        "role": "RN",
        "consortium": "4-WSNC"
      }
    },
    {
      "type": "Feature",
      "geometry": {
        "type": "Point",
        "coordinates": [
          -74.23609,
          40.75256
        ]
      },
      "properties": {
        "id": "2d0ffe4f9f46ecb81031e2f5be147022",
        "title": "VA New Jersey Health Care System",
        "locationName": "East Orange, NJ",
        "displayName": "Larisa Lemesevski",
        "email": "larisa.lemesevski@va.gov",
        "phoneNumber": "908-468-0839",
        "ext": "",
        "recruiterType": "ppr",
        "city": "East Orange",
        "state": "NJ",
        "visn": "2",
        "sourceSheet": "Smartsheet Gov - PPR Directory"
      }
    },
    {
      "type": "Feature",
      "geometry": {
        "type": "Point",
        "coordinates": [
          -74.02433,
          40.60883
        ]
      },
      "properties": {
        "id": "f5093768deef8130ce0a55b0324c9202",
        "title": "VA New York Harbor Health Care System",
        "locationName": "Brooklyn, NY",
        "displayName": "Britta Jennings",
        "email": "britta.jennings@va.gov",
        "phoneNumber": "212-686-7500",
        "ext": "7564",
        "recruiterType": "nurse",
        "city": "Brooklyn",
        "state": "NY",
        "visn": "2",
        "stationNumber": "630",
        "sourceSheet": "Smartsheet Gov - VA RN Facility Nurse Recruiter Directory",
        "nurseRecruiter": "JENNINGS, BRITTA",
        "role": "RN",
        "consortium": "1-VANEC"
      }
    },
    {
      "type": "Feature",
      "geometry": {
        "type": "Point",
        "coordinates": [
          -74.02433,
          40.60883
        ]
      },
      "properties": {
        "id": "d3d5539aac6a0eaf536b4a83370036de",
        "title": "VA New York Harbor Health Care System",
        "locationName": "Brooklyn, NY",
        "displayName": "Karen M Wharton",
        "email": "karen.wharton@va.gov",
        "phoneNumber": "718-836-6600",
        "ext": "1346",
        "recruiterType": "nurse",
        "city": "Brooklyn",
        "state": "NY",
        "visn": "2",
        "stationNumber": "630",
        "sourceSheet": "Smartsheet Gov - VA RN Facility Nurse Recruiter Directory",
        "nurseRecruiter": "WHARTON, KAREN M.",
        "role": "RN",
        "consortium": "1-VANEC"
      }
    },
    {
      "type": "Feature",
      "geometry": {
        "type": "Point",
        "coordinates": [
          -74.02433,
          40.60883
        ]
      },
      "properties": {
        "id": "7afe967eb4ff7c391ba65b4df28f8942",
        "title": "VA New York Harbor Health Care System",
        "locationName": "Brooklyn, NY",
        "displayName": "Mike Owens",
        "email": "michael.owens4@va.gov",
        "phoneNumber": "716-982-1949",
        "ext": "",
        "recruiterType": "ppr",
        "city": "Brooklyn",
        "state": "NY",
        "visn": "2",
        "sourceSheet": "Smartsheet Gov - PPR Directory"
      }
    },
    {
      "type": "Feature",
      "geometry": {
        "type": "Point",
        "coordinates": [
          -78.39636,
          40.48852
        ]
      },
      "properties": {
        "id": "80daead9c9f65a9e7b4805d2ddd36a8d",
        "title": "VA Medical Center Altoona, PA: James E. Van Zandt",
        "locationName": "Altoona, PA",
        "displayName": "Beth Bradley",
        "email": "beth.bradley@va.gov",
        "phoneNumber": "814-943-8164",
        "ext": "14250",
        "recruiterType": "nurse",
        "city": "Altoona",
        "state": "PA",
        "visn": "4",
        "stationNumber": "503",
        "sourceSheet": "Smartsheet Gov - VA RN Facility Nurse Recruiter Directory",
        "nurseRecruiter": "BRADLEY, BETH",
        "role": "RN",
        "consortium": "1-VANEC"
      }
    },
    {
      "type": "Feature",
      "geometry": {
        "type": "Point",
        "coordinates": [
          -78.39636,
          40.48852
        ]
      },
      "properties": {
        "id": "ba432e38434fe18d2f5f92b7b2b2a1d7",
        "title": "VA Altoona Health Care System",
        "locationName": "Altoona, PA",
        "displayName": "Catrina Foley",
        "email": "catrina.foley@va.gov",
        "phoneNumber": "302-994-2511",
        "ext": "7460",
        "recruiterType": "ppr",
        "city": "Altoona",
        "state": "PA",
        "visn": "4",
        "sourceSheet": "Smartsheet Gov - PPR Directory"
      }
    },
    {
      "type": "Feature",
      "geometry": {
        "type": "Point",
        "coordinates": [
          -79.9598,
          40.4474
        ]
      },
      "properties": {
        "id": "8c69c043761fe7de4d7a4ecff159c9bc",
        "title": "VA Pittsburgh Healthcare System",
        "locationName": "Pittsburgh, PA",
        "displayName": "Kiya Ficklin",
        "email": "kiya.ficklin@va.gov",
        "phoneNumber": "412-822-3566",
        "ext": "",
        "recruiterType": "nurse",
        "city": "Pittsburgh",
        "state": "PA",
        "visn": "4",
        "stationNumber": "646",
        "sourceSheet": "Smartsheet Gov - VA RN Facility Nurse Recruiter Directory",
        "nurseRecruiter": "FICKLIN, KIYA",
        "role": "RN",
        "consortium": "1-VANEC"
      }
    },
    {
      "type": "Feature",
      "geometry": {
        "type": "Point",
        "coordinates": [
          -79.9598,
          40.4474
        ]
      },
      "properties": {
        "id": "9a6dd0568d3ec37eee0ffcdd5ff37607",
        "title": "VA Pittsburgh Healthcare System",
        "locationName": "Pittsburgh, PA",
        "displayName": "April K Herron",
        "email": "april.herron@va.gov",
        "phoneNumber": "412-689-2863",
        "ext": "",
        "recruiterType": "nurse",
        "city": "Pittsburgh",
        "state": "PA",
        "visn": "4",
        "stationNumber": "646",
        "sourceSheet": "Smartsheet Gov - VA RN Facility Nurse Recruiter Directory",
        "nurseRecruiter": "HERRON, APRIL K.",
        "role": "RN",
        "consortium": "1-VANEC"
      }
    },
    {
      "type": "Feature",
      "geometry": {
        "type": "Point",
        "coordinates": [
          -79.9598,
          40.4474
        ]
      },
      "properties": {
        "id": "5ee099ed627b9555b4aa68fc8f786453",
        "title": "VA Pittsburgh Healthcare System",
        "locationName": "Pittsburgh, PA",
        "displayName": "Melinda Rodgers",
        "email": "melinda.rodgers@va.gov",
        "phoneNumber": "412-606-2076",
        "ext": "",
        "recruiterType": "nurse",
        "city": "Pittsburgh",
        "state": "PA",
        "visn": "4",
        "stationNumber": "646",
        "sourceSheet": "Smartsheet Gov - VA RN Facility Nurse Recruiter Directory",
        "groupEmail": "vhapthnurserecruit@va.gov",
        "nurseRecruiter": "RODGERS, MELINDA",
        "role": "RN",
        "consortium": "1-VANEC"
      }
    },
    {
      "type": "Feature",
      "geometry": {
        "type": "Point",
        "coordinates": [
          -79.9598,
          40.4474
        ]
      },
      "properties": {
        "id": "3787fcf166b370724ef8665ec587d4a9",
        "title": "VA Pittsburgh Health Care System",
        "locationName": "Pittsburgh, PA",
        "displayName": "Michael Hahn",
        "email": "michael.hahn4@va.gov",
        "phoneNumber": "412-689-2414",
        "ext": "",
        "recruiterType": "ppr",
        "city": "Pittsburgh",
        "state": "PA",
        "visn": "4",
        "sourceSheet": "Smartsheet Gov - PPR Directory"
      }
    },
    {
      "type": "Feature",
      "geometry": {
        "type": "Point",
        "coordinates": [
          -76.39715,
          40.31741
        ]
      },
      "properties": {
        "id": "c262cd4cb79db654c74785ee9da8f797",
        "title": "VA Medical Center Lebanon, PA",
        "locationName": "Lebanon, PA",
        "displayName": "Angela Barbeito",
        "email": "angela.barbeito@va.gov",
        "phoneNumber": "717-272-6621",
        "ext": "",
        "recruiterType": "nurse",
        "city": "Lebanon",
        "state": "PA",
        "visn": "4",
        "stationNumber": "595",
        "sourceSheet": "Smartsheet Gov - VA RN Facility Nurse Recruiter Directory",
        "nurseRecruiter": "BARBEITO, ANGELA",
        "role": "RN",
        "consortium": "1-VANEC"
      }
    },
    {
      "type": "Feature",
      "geometry": {
        "type": "Point",
        "coordinates": [
          -76.39715,
          40.31741
        ]
      },
      "properties": {
        "id": "c82c629574f3132eb3415a36298f8429",
        "title": "VA Medical Center Lebanon, PA",
        "locationName": "Lebanon, PA",
        "displayName": "Michelle Shuey",
        "email": "michelle.shuey2@va.gov",
        "phoneNumber": "717-272-6621",
        "ext": "5511",
        "recruiterType": "nurse",
        "city": "Lebanon",
        "state": "PA",
        "visn": "4",
        "stationNumber": "595",
        "sourceSheet": "Smartsheet Gov - VA RN Facility Nurse Recruiter Directory",
        "nurseRecruiter": "SHUEY, MICHELLE",
        "role": "RN",
        "consortium": "1-VANEC"
      }
    },
    {
      "type": "Feature",
      "geometry": {
        "type": "Point",
        "coordinates": [
          -76.39715,
          40.31741
        ]
      },
      "properties": {
        "id": "75246c0cfef13cf34859079acb492e4d",
        "title": "VA Medical Center Lebanon, PA",
        "locationName": "Lebanon, PA",
        "displayName": "Michelle Svenson",
        "email": "michelle.svenson@va.gov",
        "phoneNumber": "717-272-6621",
        "ext": "5948",
        "recruiterType": "nurse",
        "city": "Lebanon",
        "state": "PA",
        "visn": "4",
        "stationNumber": "595",
        "sourceSheet": "Smartsheet Gov - VA RN Facility Nurse Recruiter Directory",
        "nurseRecruiter": "SVENSON, MICHELLE",
        "role": "RN",
        "consortium": "1-VANEC"
      }
    },
    {
      "type": "Feature",
      "geometry": {
        "type": "Point",
        "coordinates": [
          -76.39715,
          40.31741
        ]
      },
      "properties": {
        "id": "78faa327bdee65f4603210049625e057",
        "title": "VA Lebanon Health Care System",
        "locationName": "Lebanon, PA",
        "displayName": "Hope Hossenlopp",
        "email": "hope.hossenlopp@va.gov",
        "phoneNumber": "717-272-6621",
        "ext": "4724",
        "recruiterType": "ppr",
        "city": "Lebanon",
        "state": "PA",
        "visn": "4",
        "sourceSheet": "Smartsheet Gov - PPR Directory"
      }
    },
    {
      "type": "Feature",
      "geometry": {
        "type": "Point",
        "coordinates": [
          -87.58606,
          40.1241
        ]
      },
      "properties": {
        "id": "6ea3515dc81b42438450269b876f0818",
        "title": "VA Medical Center Illiana Health Care System, IL",
        "locationName": "Danville, IL",
        "displayName": "Carli Plunkett",
        "email": "carli.plunkett@va.gov",
        "phoneNumber": "217-554-3244",
        "ext": "",
        "recruiterType": "nurse",
        "city": "Danville",
        "state": "IL",
        "visn": "12",
        "stationNumber": "550",
        "sourceSheet": "Smartsheet Gov - VA RN Facility Nurse Recruiter Directory",
        "nurseRecruiter": "PLUNKETT, CARLI",
        "role": "RN",
        "consortium": "3-MidCon"
      }
    },
    {
      "type": "Feature",
      "geometry": {
        "type": "Point",
        "coordinates": [
          -87.58606,
          40.1241
        ]
      },
      "properties": {
        "id": "c0da8bf152a013b673780a0e8ea5b2bb",
        "title": "VA Illiana Health Care System",
        "locationName": "Danville, IL",
        "displayName": "JP Pryan",
        "email": "james.pryan@va.gov",
        "phoneNumber": "785-221-0838",
        "ext": "",
        "recruiterType": "ppr",
        "city": "Danville",
        "state": "IL",
        "visn": "12",
        "sourceSheet": "Smartsheet Gov - PPR Directory"
      }
    },
    {
      "type": "Feature",
      "geometry": {
        "type": "Point",
        "coordinates": [
          -75.79656,
          39.99793
        ]
      },
      "properties": {
        "id": "f6f3cd77d23ff9e32d6c187e1b1f38d3",
        "title": "VA Medical Center Coatesville, PA",
        "locationName": "Coatesville, PA",
        "displayName": "Nancy Holmes",
        "email": "nancy.holmes@va.gov",
        "phoneNumber": "610-384-7711",
        "ext": "6123",
        "recruiterType": "nurse",
        "city": "Coatesville",
        "state": "PA",
        "visn": "4",
        "sourceSheet": "Smartsheet Gov - VA RN Facility Nurse Recruiter Directory",
        "nurseRecruiter": "HOLMES, NANCY"
      }
    },
    {
      "type": "Feature",
      "geometry": {
        "type": "Point",
        "coordinates": [
          -75.79656,
          39.99793
        ]
      },
      "properties": {
        "id": "15ae70b50a212e5c30415787ffa1099e",
        "title": "VA Coatesville Health Care System",
        "locationName": "Coatesville, PA",
        "displayName": "Hope Hossenlopp",
        "email": "hope.hossenlopp@va.gov",
        "phoneNumber": "717-272-6621",
        "ext": "4724",
        "recruiterType": "ppr",
        "city": "Coatesville",
        "state": "PA",
        "visn": "4",
        "sourceSheet": "Smartsheet Gov - PPR Directory"
      }
    },
    {
      "type": "Feature",
      "geometry": {
        "type": "Point",
        "coordinates": [
          -82.91026,
          39.98079
        ]
      },
      "properties": {
        "id": "f9605746754c39ca6604ae0fc590443d",
        "title": "Chalmers P. Wylie Ambulatory Care Center",
        "locationName": "Columbus, OH",
        "displayName": "Gregory A Shaffer",
        "email": "gregory.shaffer@va.gov",
        "phoneNumber": "614-965-9146",
        "ext": "",
        "recruiterType": "nurse",
        "city": "Columbus",
        "state": "OH",
        "visn": "10",
        "stationNumber": "757",
        "sourceSheet": "Smartsheet Gov - VA RN Facility Nurse Recruiter Directory",
        "nurseRecruiter": "SHAFFER, GREGORY A",
        "role": "RN",
        "consortium": "3-MidCon"
      }
    },
    {
      "type": "Feature",
      "geometry": {
        "type": "Point",
        "coordinates": [
          -82.91026,
          39.98079
        ]
      },
      "properties": {
        "id": "bbae03be70053bb054dfdd3191dc4dc2",
        "title": "VA Central Ohio Health Care System",
        "locationName": "Columbus, OH",
        "displayName": "Gregory Shaffer",
        "email": "gregory.shaffer@va.gov",
        "phoneNumber": "614-965-9146",
        "ext": "",
        "recruiterType": "ppr",
        "city": "Columbus",
        "state": "OH",
        "visn": "10",
        "sourceSheet": "Smartsheet Gov - PPR Directory"
      }
    },
    {
      "type": "Feature",
      "geometry": {
        "type": "Point",
        "coordinates": [
          -75.24615,
          39.96201
        ]
      },
      "properties": {
        "id": "8eadbd6766161dd0c4a3e690c956d42b",
        "title": "VA Medical Center Philadelphia, PA",
        "locationName": "Philadelphia, PA",
        "displayName": "Elizabeth Corkery",
        "email": "elizabeth.corkery@va.gov",
        "phoneNumber": "215-823-5800",
        "ext": "202122",
        "recruiterType": "nurse",
        "city": "Philadelphia",
        "state": "PA",
        "visn": "4",
        "stationNumber": "642",
        "sourceSheet": "Smartsheet Gov - VA RN Facility Nurse Recruiter Directory",
        "nurseRecruiter": "CORKERY, ELIZABETH",
        "role": "RN",
        "consortium": "1-VANEC"
      }
    },
    {
      "type": "Feature",
      "geometry": {
        "type": "Point",
        "coordinates": [
          -75.24615,
          39.96201
        ]
      },
      "properties": {
        "id": "d4c9ce7559368e0f7fdca96b1f9516a5",
        "title": "VA Medical Center Philadelphia, PA",
        "locationName": "Philadelphia, PA",
        "displayName": "Dominique Davis",
        "email": "dominique.davis@va.gov",
        "phoneNumber": "215-823-5800",
        "ext": "4024",
        "recruiterType": "nurse",
        "city": "Philadelphia",
        "state": "PA",
        "visn": "4",
        "stationNumber": "642",
        "sourceSheet": "Smartsheet Gov - VA RN Facility Nurse Recruiter Directory",
        "nurseRecruiter": "DAVIS, DOMINIQUE",
        "role": "RN",
        "consortium": "1-VANEC"
      }
    },
    {
      "type": "Feature",
      "geometry": {
        "type": "Point",
        "coordinates": [
          -75.24615,
          39.96201
        ]
      },
      "properties": {
        "id": "1d76e8e009c59557da5b88af83c4116c",
        "title": "VA Philadelphia Health Care System",
        "locationName": "Philadelphia, PA",
        "displayName": "Daphne Binimelis",
        "email": "daphne.binimelis@va.gov",
        "phoneNumber": "215-847-4601",
        "ext": "",
        "recruiterType": "ppr",
        "city": "Philadelphia",
        "state": "PA",
        "visn": "4",
        "sourceSheet": "Smartsheet Gov - PPR Directory"
      }
    },
    {
      "type": "Feature",
      "geometry": {
        "type": "Point",
        "coordinates": [
          -86.18685,
          39.77787
        ]
      },
      "properties": {
        "id": "e37da13acb29fa50084655ed62e9292e",
        "title": "VA Medical Center Indianapolis, IN: Richard L. Roudebush",
        "locationName": "Indianapolis, IN",
        "displayName": "Kevin Shafer",
        "email": "kevin.shafer@va.gov",
        "phoneNumber": "317-988-2328",
        "ext": "",
        "recruiterType": "nurse",
        "city": "Indianapolis",
        "state": "IN",
        "visn": "10",
        "stationNumber": "583",
        "sourceSheet": "Smartsheet Gov - VA RN Facility Nurse Recruiter Directory",
        "groupEmail": "indyvanursing@va.gov",
        "nurseRecruiter": "SHAFER, KEVIN",
        "role": "RN",
        "consortium": "3-MidCon"
      }
    },
    {
      "type": "Feature",
      "geometry": {
        "type": "Point",
        "coordinates": [
          -86.18685,
          39.77787
        ]
      },
      "properties": {
        "id": "aea28175454a85698a3b6b7fd22897a0",
        "title": "VA Indiana Health Care System",
        "locationName": "Indianapolis, IN",
        "displayName": "Candace Fitzgerald",
        "email": "candace.fitzgerald@va.gov",
        "phoneNumber": "317-982-2236",
        "ext": "",
        "recruiterType": "ppr",
        "city": "Indianapolis",
        "state": "IN",
        "visn": "10",
        "sourceSheet": "Smartsheet Gov - PPR Directory"
      }
    },
    {
      "type": "Feature",
      "geometry": {
        "type": "Point",
        "coordinates": [
          -84.26485,
          39.74268
        ]
      },
      "properties": {
        "id": "f13dbc3818e24cdc917d9c053f26ccbb",
        "title": "VA Medical Center Dayton, OH",
        "locationName": "Dayton, OH",
        "displayName": "Elizabeth Eickman",
        "email": "elizabeth.eickman@va.gov",
        "phoneNumber": "937-268-6511",
        "ext": "4251",
        "recruiterType": "nurse",
        "city": "Dayton",
        "state": "OH",
        "visn": "10",
        "stationNumber": "552",
        "sourceSheet": "Smartsheet Gov - VA RN Facility Nurse Recruiter Directory",
        "nurseRecruiter": "EICKMAN, ELIZABETH",
        "role": "RN",
        "consortium": "3-MidCon"
      }
    },
    {
      "type": "Feature",
      "geometry": {
        "type": "Point",
        "coordinates": [
          -84.26485,
          39.74268
        ]
      },
      "properties": {
        "id": "44e94b17edc11510555417bbb811ca1a",
        "title": "VA Dayton Health Care System",
        "locationName": "Dayton, OH",
        "displayName": "Ken Mitchell",
        "email": "kenneth.mitchell3@va.gov",
        "phoneNumber": "734-660-0024",
        "ext": "",
        "recruiterType": "ppr",
        "city": "Dayton",
        "state": "OH",
        "visn": "10",
        "sourceSheet": "Smartsheet Gov - PPR Directory"
      }
    },
    {
      "type": "Feature",
      "geometry": {
        "type": "Point",
        "coordinates": [
          -104.83009,
          39.7411
        ]
      },
      "properties": {
        "id": "5b89b78fe716154a88a215e185b87dbd",
        "title": "VA Eastern Colorado Health Care System",
        "locationName": "Denver, CO",
        "displayName": "Melissa (vsn19) Nickerson",
        "email": "vhaatgnurseresumes@va.gov",
        "phoneNumber": "720-723-3532",
        "ext": "",
        "recruiterType": "nurse",
        "city": "Denver",
        "state": "CO",
        "visn": "19",
        "stationNumber": "44",
        "sourceSheet": "Smartsheet Gov - VA RN Facility Nurse Recruiter Directory",
        "groupEmail": "vhaatgnurseresumes@va.gov",
        "nurseRecruiter": "Nickerson, Melissa (VSN19)",
        "role": "RN",
        "consortium": "4-WSNC"
      }
    },
    {
      "type": "Feature",
      "geometry": {
        "type": "Point",
        "coordinates": [
          -104.83009,
          39.7411
        ]
      },
      "properties": {
        "id": "edd5f1916ac66bb6368a5dd2f5987df6",
        "title": "VA Eastern Colorado Health Care System",
        "locationName": "Denver, CO",
        "displayName": "Madeline Bicknell",
        "email": "madeline.bicknell@va.gov",
        "phoneNumber": "720-229-7648",
        "ext": "",
        "recruiterType": "nurse",
        "city": "Denver",
        "state": "CO",
        "visn": "19",
        "stationNumber": "554",
        "sourceSheet": "Smartsheet Gov - VA RN Facility Nurse Recruiter Directory",
        "nurseRecruiter": "BICKNELL, MADELINE",
        "role": "RN",
        "consortium": "4-WSNC"
      }
    },
    {
      "type": "Feature",
      "geometry": {
        "type": "Point",
        "coordinates": [
          -104.83009,
          39.7411
        ]
      },
      "properties": {
        "id": "fdac004c63c642638d719d19dcd60822",
        "title": "VA Eastern Colorado Health Care System",
        "locationName": "Denver, CO",
        "displayName": "Kelly Wills",
        "email": "kelly.wills1@va.gov",
        "phoneNumber": "720-229-7648",
        "ext": "",
        "recruiterType": "nurse",
        "city": "Denver",
        "state": "CO",
        "visn": "19",
        "sourceSheet": "Smartsheet Gov - VA RN Facility Nurse Recruiter Directory",
        "nurseRecruiter": "WILLS, KELLY"
      }
    },
    {
      "type": "Feature",
      "geometry": {
        "type": "Point",
        "coordinates": [
          -104.83009,
          39.7411
        ]
      },
      "properties": {
        "id": "880d9a44c26169bbf779233f537119f1",
        "title": "VA Eastern Colorado Health Care System",
        "locationName": "Denver, CO",
        "displayName": "Mike Owens",
        "email": "michael.owens4@va.gov",
        "phoneNumber": "504-715-1339",
        "ext": "",
        "recruiterType": "ppr",
        "city": "Denver",
        "state": "CO",
        "visn": "19",
        "sourceSheet": "Smartsheet Gov - PPR Directory"
      }
    },
    {
      "type": "Feature",
      "geometry": {
        "type": "Point",
        "coordinates": [
          -75.60655,
          39.74019
        ]
      },
      "properties": {
        "id": "efceb6515dde19c8671c5f154c0fbe68",
        "title": "VA Medical Center Wilmington",
        "locationName": "Wilmington, DE",
        "displayName": "Michelle R Hailey",
        "email": "michelle.hailey@va.gov",
        "phoneNumber": "302-994-2511",
        "ext": "4020",
        "recruiterType": "nurse",
        "city": "Wilmington",
        "state": "DE",
        "visn": "4",
        "stationNumber": "460",
        "sourceSheet": "Smartsheet Gov - VA RN Facility Nurse Recruiter Directory",
        "nurseRecruiter": "HAILEY, MICHELLE R",
        "role": "RN",
        "consortium": "1-VANEC"
      }
    },
    {
      "type": "Feature",
      "geometry": {
        "type": "Point",
        "coordinates": [
          -75.60655,
          39.74019
        ]
      },
      "properties": {
        "id": "98546a1db31cbd93e3a0ea559341bfaa",
        "title": "VA Wilmington Health Care System",
        "locationName": "Wilmington, DE",
        "displayName": "Catrina Foley",
        "email": "catrina.foley@va.gov",
        "phoneNumber": "302-994-2511",
        "ext": "7460",
        "recruiterType": "ppr",
        "city": "Wilmington",
        "state": "DE",
        "visn": "4",
        "sourceSheet": "Smartsheet Gov - PPR Directory"
      }
    },
    {
      "type": "Feature",
      "geometry": {
        "type": "Point",
        "coordinates": [
          -119.79901,
          39.51604
        ]
      },
      "properties": {
        "id": "30ebaa0fd39cd4bd323f939d03f0fff2",
        "title": "VA Healthcare System Sierra Nevada, Reno, NV",
        "locationName": "Reno, NV",
        "displayName": "Joanna Valdes",
        "email": "joanna.valdes@va.gov",
        "phoneNumber": "775-786-7200",
        "ext": "",
        "recruiterType": "nurse",
        "city": "Reno",
        "state": "NV",
        "visn": "21",
        "stationNumber": "654",
        "sourceSheet": "Smartsheet Gov - VA RN Facility Nurse Recruiter Directory",
        "nurseRecruiter": "VALDES, JOANNA",
        "role": "RN",
        "consortium": "4-WSNC"
      }
    },
    {
      "type": "Feature",
      "geometry": {
        "type": "Point",
        "coordinates": [
          -119.79901,
          39.51604
        ]
      },
      "properties": {
        "id": "e30d3649d2b34bcd54b7863e99d97f4b",
        "title": "VA Sierra Nevada Health Care System",
        "locationName": "Reno, NV",
        "displayName": "Kelly DeBoer",
        "email": "kelly.deboer@va.gov",
        "phoneNumber": "775-223-5351",
        "ext": "",
        "recruiterType": "ppr",
        "city": "Reno",
        "state": "NV",
        "visn": "21",
        "sourceSheet": "Smartsheet Gov - PPR Directory"
      }
    },
    {
      "type": "Feature",
      "geometry": {
        "type": "Point",
        "coordinates": [
          -77.91126,
          39.41751
        ]
      },
      "properties": {
        "id": "2de90a3c065720a26c1967b5e7a117a8",
        "title": "VA Medical Center Martinsburg, WV",
        "locationName": "Martinsburg, WV",
        "displayName": "Kayla N Raines",
        "email": "kayla.raines@va.gov",
        "phoneNumber": "304-263-0811",
        "ext": "3708",
        "recruiterType": "nurse",
        "city": "Martinsburg",
        "state": "WV",
        "visn": "5",
        "stationNumber": "613",
        "sourceSheet": "Smartsheet Gov - VA RN Facility Nurse Recruiter Directory",
        "nurseRecruiter": "RAINES, KAYLA N",
        "role": "RN",
        "consortium": "1-VANEC"
      }
    },
    {
      "type": "Feature",
      "geometry": {
        "type": "Point",
        "coordinates": [
          -77.91126,
          39.41751
        ]
      },
      "properties": {
        "id": "3352478f3d9b61bee6978f09a1a635de",
        "title": "VA Martinsburg Health Care System",
        "locationName": "Martinsburg, WV",
        "displayName": "Nicole Carey",
        "email": "nicole.carey@va.gov",
        "phoneNumber": "304-620-4354",
        "ext": "",
        "recruiterType": "ppr",
        "city": "Martinsburg",
        "state": "WV",
        "visn": "5",
        "sourceSheet": "Smartsheet Gov - PPR Directory"
      }
    },
    {
      "type": "Feature",
      "geometry": {
        "type": "Point",
        "coordinates": [
          -83.02092,
          39.388
        ]
      },
      "properties": {
        "id": "fd1f05c3d2b2bf98c9a8402229e9625a",
        "title": "VA Medical Center Chillicothe, OH",
        "locationName": "Chillicothe, OH",
        "displayName": "Stephanie Conkel",
        "email": "stephanie.conkel@va.gov",
        "phoneNumber": "740-773-1141",
        "ext": "17289",
        "recruiterType": "nurse",
        "city": "Chillicothe",
        "state": "OH",
        "visn": "10",
        "stationNumber": "538",
        "sourceSheet": "Smartsheet Gov - VA RN Facility Nurse Recruiter Directory",
        "nurseRecruiter": "CONKEL, STEPHANIE",
        "role": "RN",
        "consortium": "3-MidCon"
      }
    },
    {
      "type": "Feature",
      "geometry": {
        "type": "Point",
        "coordinates": [
          -83.02092,
          39.388
        ]
      },
      "properties": {
        "id": "b217a29284f0a9f268f77bd8f5cc6498",
        "title": "VA Chillicothe Health Care System",
        "locationName": "Chillicothe, OH",
        "displayName": "Ken Mitchell",
        "email": "kenneth.mitchell3@va.gov",
        "phoneNumber": "734-660-0024",
        "ext": "",
        "recruiterType": "ppr",
        "city": "Chillicothe",
        "state": "OH",
        "visn": "10",
        "sourceSheet": "Smartsheet Gov - PPR Directory"
      }
    },
    {
      "type": "Feature",
      "geometry": {
        "type": "Point",
        "coordinates": [
          -76.62428,
          39.28986
        ]
      },
      "properties": {
        "id": "4e8aadcc6199ff8d364ba0c85d8aed1f",
        "title": "VA Maryland Health Care System",
        "locationName": "Baltimore, MD",
        "displayName": "Bridgett Barefoot-Welch",
        "email": "bridgett.barefoot-welch@va.gov",
        "phoneNumber": "443-829-6874",
        "ext": "",
        "recruiterType": "nurse",
        "city": "Baltimore",
        "state": "MD",
        "visn": "5",
        "stationNumber": "512",
        "sourceSheet": "Smartsheet Gov - VA RN Facility Nurse Recruiter Directory",
        "nurseRecruiter": "BAREFOOT-WELCH, BRIDGETT",
        "role": "RN",
        "consortium": "1-VANEC"
      }
    },
    {
      "type": "Feature",
      "geometry": {
        "type": "Point",
        "coordinates": [
          -76.62428,
          39.28986
        ]
      },
      "properties": {
        "id": "6002bb798858be4239dd30254c5bd6c2",
        "title": "VA Maryland Health Care System",
        "locationName": "Baltimore, MD",
        "displayName": "Darryl Washington",
        "email": "darryl.washington2@va.gov",
        "phoneNumber": "202-717-5366",
        "ext": "",
        "recruiterType": "ppr",
        "city": "Baltimore",
        "state": "MD",
        "visn": "5",
        "sourceSheet": "Smartsheet Gov - PPR Directory"
      }
    },
    {
      "type": "Feature",
      "geometry": {
        "type": "Point",
        "coordinates": [
          -80.36189,
          39.27029
        ]
      },
      "properties": {
        "id": "daa412bff61406071b3ec7bbea7a4dd1",
        "title": "VA Medical Center Clarksburg, WV: Louis A. Johnson",
        "locationName": "Clarksburg, WV",
        "displayName": "Ashton Carder",
        "email": "ashton.carder@va.gov",
        "phoneNumber": "304-623-3461",
        "ext": "4031",
        "recruiterType": "nurse",
        "city": "Clarksburg",
        "state": "WV",
        "visn": "5",
        "stationNumber": "540",
        "sourceSheet": "Smartsheet Gov - VA RN Facility Nurse Recruiter Directory",
        "nurseRecruiter": "CARDER, ASHTON",
        "role": "RN",
        "consortium": "1-VANEC"
      }
    },
    {
      "type": "Feature",
      "geometry": {
        "type": "Point",
        "coordinates": [
          -80.36189,
          39.27029
        ]
      },
      "properties": {
        "id": "a7ab5873619786e7646f9599ad8a54ae",
        "title": "VA Clarksburg Health Care System",
        "locationName": "Clarksburg, WV",
        "displayName": "Jerome Peele",
        "email": "jerome.peele@va.gov",
        "phoneNumber": "202-391-4533",
        "ext": "",
        "recruiterType": "ppr",
        "city": "Clarksburg",
        "state": "WV",
        "visn": "5",
        "sourceSheet": "Smartsheet Gov - PPR Directory"
      }
    },
    {
      "type": "Feature",
      "geometry": {
        "type": "Point",
        "coordinates": [
          -84.50849,
          39.13953
        ]
      },
      "properties": {
        "id": "59d4432f826d3be2c9f890e800d790ac",
        "title": "VA Medical Center Cincinnati, OH",
        "locationName": "Cincinnati, OH",
        "displayName": "Deborah Reese Dreher",
        "email": "deborah.reesedreher1@va.gov",
        "phoneNumber": "513-319-1295",
        "ext": "",
        "recruiterType": "nurse",
        "city": "Cincinnati",
        "state": "OH",
        "visn": "10",
        "stationNumber": "539",
        "sourceSheet": "Smartsheet Gov - VA RN Facility Nurse Recruiter Directory",
        "groupEmail": "vhacinnursingapplicants@va.gov",
        "nurseRecruiter": "REESE DREHER, DEBORAH",
        "role": "RN",
        "consortium": "3-MidCon"
      }
    },
    {
      "type": "Feature",
      "geometry": {
        "type": "Point",
        "coordinates": [
          -84.50849,
          39.13953
        ]
      },
      "properties": {
        "id": "82f153149d6121a2653719526dfcc922",
        "title": "VA Cincinnati Health Care System",
        "locationName": "Cincinnati, OH",
        "displayName": "Ken Mitchell",
        "email": "kenneth.mitchell3@va.gov",
        "phoneNumber": "734-660-0024",
        "ext": "",
        "recruiterType": "ppr",
        "city": "Cincinnati",
        "state": "OH",
        "visn": "10",
        "sourceSheet": "Smartsheet Gov - PPR Directory"
      }
    },
    {
      "type": "Feature",
      "geometry": {
        "type": "Point",
        "coordinates": [
          -108.551,
          39.0639
        ]
      },
      "properties": {
        "id": "ceac8ff896ce8a8fab99213a5b34b9ac",
        "title": "VA Western Colorado Health Care System",
        "locationName": "Grand Junction, CO",
        "displayName": "Karen Jefferson",
        "email": "karen.jefferson2@va.gov",
        "phoneNumber": "970-261-5107",
        "ext": "",
        "recruiterType": "ppr",
        "city": "Grand Junction",
        "state": "CO",
        "visn": "19",
        "sourceSheet": "Smartsheet Gov - PPR Directory"
      }
    },
    {
      "type": "Feature",
      "geometry": {
        "type": "Point",
        "coordinates": [
          -94.52695,
          39.06347
        ]
      },
      "properties": {
        "id": "dfcbd1fbc5effb189529d75b6575f514",
        "title": "VA Kansas City, MO",
        "locationName": "Kansas City, MO",
        "displayName": "Anetra Hamilton",
        "email": "anetra.hamilton@va.gov",
        "phoneNumber": "816-922-2675",
        "ext": "56551",
        "recruiterType": "nurse",
        "city": "Kansas City",
        "state": "MO",
        "visn": "15",
        "stationNumber": "589",
        "sourceSheet": "Smartsheet Gov - VA RN Facility Nurse Recruiter Directory",
        "groupEmail": "vhakannurserecruiters@va.gov",
        "nurseRecruiter": "HAMILTON, ANETRA",
        "role": "RN",
        "consortium": "3-MidCon"
      }
    },
    {
      "type": "Feature",
      "geometry": {
        "type": "Point",
        "coordinates": [
          -94.52695,
          39.06347
        ]
      },
      "properties": {
        "id": "1292026235e19fe979f9d81ae4dca76c",
        "title": "VA Kansas City, MO",
        "locationName": "Kansas City, MO",
        "displayName": "Lauren Maus",
        "email": "lauren.maus@va.gov",
        "phoneNumber": "816-922-2675",
        "ext": "",
        "recruiterType": "nurse",
        "city": "Kansas City",
        "state": "MO",
        "visn": "15",
        "stationNumber": "589",
        "sourceSheet": "Smartsheet Gov - VA RN Facility Nurse Recruiter Directory",
        "groupEmail": "vhakannurserecruiters@va.gov",
        "nurseRecruiter": "MAUS, LAUREN",
        "role": "RN",
        "consortium": "3-MidCon"
      }
    },
    {
      "type": "Feature",
      "geometry": {
        "type": "Point",
        "coordinates": [
          -94.52695,
          39.06347
        ]
      },
      "properties": {
        "id": "ad16bbfa0914b0bb0408939859e1dc08",
        "title": "VA Kansas City Health Care System",
        "locationName": "Kansas City, MO",
        "displayName": "Daniel Woods",
        "email": "daniel.woods@va.gov",
        "phoneNumber": "207-432-4960",
        "ext": "",
        "recruiterType": "ppr",
        "city": "Kansas City",
        "state": "MO",
        "visn": "15",
        "sourceSheet": "Smartsheet Gov - PPR Directory"
      }
    },
    {
      "type": "Feature",
      "geometry": {
        "type": "Point",
        "coordinates": [
          -95.72222,
          39.02591
        ]
      },
      "properties": {
        "id": "f5a3fde05ad958c927210883519d0203",
        "title": "VA Eastern Kansas Healthcare System",
        "locationName": "Leavenworth/Topeka, KS",
        "displayName": "Kimberly A Dahmer",
        "email": "kimberly.dahmer@va.gov",
        "phoneNumber": "913-682-2000",
        "ext": "61530",
        "recruiterType": "nurse",
        "city": "Leavenworth/Topeka",
        "state": "KS",
        "visn": "15",
        "stationNumber": "589 EA",
        "sourceSheet": "Smartsheet Gov - VA RN Facility Nurse Recruiter Directory",
        "nurseRecruiter": "DAHMER,KIMBERLY A",
        "role": "RN",
        "consortium": "3-MidCon"
      }
    },
    {
      "type": "Feature",
      "geometry": {
        "type": "Point",
        "coordinates": [
          -95.72222,
          39.02591
        ]
      },
      "properties": {
        "id": "cfd35c77ee105d819a5f7bc0f8a41ccc",
        "title": "VA Eastern Kansas Health Care System",
        "locationName": "Leavenworth, KS",
        "displayName": "Jeffrey Richter",
        "email": "jeffrey.richter5@va.gov",
        "phoneNumber": "913-731-9960",
        "ext": "",
        "recruiterType": "ppr",
        "city": "Leavenworth",
        "state": "KS",
        "visn": "15",
        "sourceSheet": "Smartsheet Gov - PPR Directory"
      }
    },
    {
      "type": "Feature",
      "geometry": {
        "type": "Point",
        "coordinates": [
          -92.32871,
          38.93705
        ]
      },
      "properties": {
        "id": "f8fe14edeaf425f95bd0666b3b24163b",
        "title": "Harry S Truman Memorial Veterans Hospital",
        "locationName": "Columbia, MO",
        "displayName": "Bethany M Harmon",
        "email": "bethany.harmon@va.gov",
        "phoneNumber": "573-963-2169",
        "ext": "",
        "recruiterType": "nurse",
        "city": "Columbia",
        "state": "MO",
        "visn": "15",
        "stationNumber": "589CA",
        "sourceSheet": "Smartsheet Gov - VA RN Facility Nurse Recruiter Directory",
        "nurseRecruiter": "HARMON, BETHANY M",
        "role": "RN",
        "consortium": "3-MidCon"
      }
    },
    {
      "type": "Feature",
      "geometry": {
        "type": "Point",
        "coordinates": [
          -92.32871,
          38.93705
        ]
      },
      "properties": {
        "id": "b171b91d8924173322e67de00a8fc71f",
        "title": "VA Columbia Missouri Health Care System",
        "locationName": "Columbia, MO",
        "displayName": "Tracy Sheppard",
        "email": "tracy.sheppard@va.gov",
        "phoneNumber": "573-300-5592",
        "ext": "",
        "recruiterType": "ppr",
        "city": "Columbia",
        "state": "MO",
        "visn": "15",
        "sourceSheet": "Smartsheet Gov - PPR Directory"
      }
    },
    {
      "type": "Feature",
      "geometry": {
        "type": "Point",
        "coordinates": [
          -77.01056,
          38.92909
        ]
      },
      "properties": {
        "id": "3ffb4c9c55cc781fc2c25892ffa86d14",
        "title": "VA Medical Center Washington, DC",
        "locationName": "Washington, DC",
        "displayName": "Catherine Davelli",
        "email": "catherine.davelli@va.gov",
        "phoneNumber": "202-518-4754",
        "ext": "",
        "recruiterType": "nurse",
        "city": "Washington",
        "state": "DC",
        "visn": "5",
        "stationNumber": "688",
        "sourceSheet": "Smartsheet Gov - VA RN Facility Nurse Recruiter Directory",
        "nurseRecruiter": "DAVELLI, CATHERINE",
        "role": "RN",
        "consortium": "1-VANEC"
      }
    },
    {
      "type": "Feature",
      "geometry": {
        "type": "Point",
        "coordinates": [
          -77.01056,
          38.92909
        ]
      },
      "properties": {
        "id": "bf4e6d32fc4626f649196e2f213da93f",
        "title": "VA Medical Center Washington, DC",
        "locationName": "Washington, DC",
        "displayName": "Sadisu Zachari",
        "email": "sadisu.zachari@va.gov",
        "phoneNumber": "202-745-8000",
        "ext": "",
        "recruiterType": "nurse",
        "city": "Washington",
        "state": "DC",
        "visn": "5",
        "stationNumber": "688",
        "sourceSheet": "Smartsheet Gov - VA RN Facility Nurse Recruiter Directory",
        "nurseRecruiter": "ZACHARI, SADISU",
        "role": "RN",
        "consortium": "1-VANEC"
      }
    },
    {
      "type": "Feature",
      "geometry": {
        "type": "Point",
        "coordinates": [
          -77.01056,
          38.92909
        ]
      },
      "properties": {
        "id": "78a807028f15d319e9ecca1cccdfcc92",
        "title": "VA Medical Center Washington, DC",
        "locationName": "Washington, DC",
        "displayName": "Vacant",
        "email": "vacant",
        "phoneNumber": "",
        "ext": "",
        "recruiterType": "nurse",
        "city": "Washington",
        "state": "DC",
        "visn": "5",
        "sourceSheet": "Smartsheet Gov - VA RN Facility Nurse Recruiter Directory",
        "nurseRecruiter": "VACANT"
      }
    },
    {
      "type": "Feature",
      "geometry": {
        "type": "Point",
        "coordinates": [
          -77.01056,
          38.92909
        ]
      },
      "properties": {
        "id": "2b31430ac1db267f7c7a94f757644bcd",
        "title": "VA Washington DC Health Care System",
        "locationName": "Washington, DC",
        "displayName": "Jerome Peele",
        "email": "jerome.peele@va.gov",
        "phoneNumber": "202-391-4533",
        "ext": "",
        "recruiterType": "ppr",
        "city": "Washington",
        "state": "DC",
        "visn": "5",
        "sourceSheet": "Smartsheet Gov - PPR Directory"
      }
    },
    {
      "type": "Feature",
      "geometry": {
        "type": "Point",
        "coordinates": [
          -121.29527,
          38.57329
        ]
      },
      "properties": {
        "id": "f11059369391968b02cd6e98927f4c4b",
        "title": "VA Northern California Healthcare System",
        "locationName": "Mather, CA",
        "displayName": "Derrick Hernandez",
        "email": "derrick.hernandez@va.gov",
        "phoneNumber": "916-843-9387",
        "ext": "",
        "recruiterType": "nurse",
        "city": "Mather",
        "state": "CA",
        "visn": "21",
        "stationNumber": "612",
        "sourceSheet": "Smartsheet Gov - VA RN Facility Nurse Recruiter Directory",
        "nurseRecruiter": "HERNANDEZ, DERRICK",
        "role": "RN",
        "consortium": "4-WSNC"
      }
    },
    {
      "type": "Feature",
      "geometry": {
        "type": "Point",
        "coordinates": [
          -121.29527,
          38.57329
        ]
      },
      "properties": {
        "id": "690189cc8286455e91782a255e6d614b",
        "title": "VA Northern California Healthcare System",
        "locationName": "Mather, CA",
        "displayName": "Eileen Jarvina",
        "email": "eileen.jarvina@va.gov",
        "phoneNumber": "909-765-8215",
        "ext": "",
        "recruiterType": "nurse",
        "city": "Mather",
        "state": "CA",
        "visn": "21",
        "stationNumber": "612",
        "sourceSheet": "Smartsheet Gov - VA RN Facility Nurse Recruiter Directory",
        "nurseRecruiter": "JARVINA, EILEEN",
        "role": "RN",
        "consortium": "4-WSNC"
      }
    },
    {
      "type": "Feature",
      "geometry": {
        "type": "Point",
        "coordinates": [
          -121.29527,
          38.57329
        ]
      },
      "properties": {
        "id": "d884d8abb9fd28a9a0082820837dd768",
        "title": "VA Northern California Health Care System",
        "locationName": "Mather, CA",
        "displayName": "Kelly DeBoer",
        "email": "kelly.deboer@va.gov",
        "phoneNumber": "775-223-5351",
        "ext": "",
        "recruiterType": "ppr",
        "city": "Mather",
        "state": "CA",
        "visn": "21",
        "sourceSheet": "Smartsheet Gov - PPR Directory"
      }
    },
    {
      "type": "Feature",
      "geometry": {
        "type": "Point",
        "coordinates": [
          -90.2846,
          38.49478
        ]
      },
      "properties": {
        "id": "c5e8864e300adade47793c0a598dff3c",
        "title": "Saint Louis Health Care System",
        "locationName": "Saint Louis, MO",
        "displayName": "Vacant",
        "email": "vacant",
        "phoneNumber": "",
        "ext": "",
        "recruiterType": "nurse",
        "city": "Saint Louis",
        "state": "MO",
        "visn": "15",
        "stationNumber": "657",
        "sourceSheet": "Smartsheet Gov - VA RN Facility Nurse Recruiter Directory",
        "nurseRecruiter": "VACANT",
        "role": "RN",
        "consortium": "3-MidCon"
      }
    },
    {
      "type": "Feature",
      "geometry": {
        "type": "Point",
        "coordinates": [
          -90.2846,
          38.49478
        ]
      },
      "properties": {
        "id": "d48b0ca53b1619bd4dc42981501585c7",
        "title": "VA Saint Louis Health Care System",
        "locationName": "Saint Louis, MO",
        "displayName": "Brandy Molitor",
        "email": "brandy.molitor@va.gov",
        "phoneNumber": "314-487-0400",
        "ext": "66323",
        "recruiterType": "ppr",
        "city": "Saint Louis",
        "state": "MO",
        "visn": "15",
        "sourceSheet": "Smartsheet Gov - PPR Directory"
      }
    },
    {
      "type": "Feature",
      "geometry": {
        "type": "Point",
        "coordinates": [
          -82.44266,
          38.41725
        ]
      },
      "properties": {
        "id": "a674ec7aa365c58e55d634ae6c1959c9",
        "title": "VA Medical Center Huntington",
        "locationName": "Huntington, WV",
        "displayName": "Michelle D Marcum",
        "email": "michelle.marcum@va.gov",
        "phoneNumber": "304-429-6741",
        "ext": "3119",
        "recruiterType": "nurse",
        "city": "Huntington",
        "state": "WV",
        "visn": "5",
        "stationNumber": "581",
        "sourceSheet": "Smartsheet Gov - VA RN Facility Nurse Recruiter Directory",
        "groupEmail": "vhahuntingtonnurserecruiter@va.gov",
        "nurseRecruiter": "MARCUM, MICHELLE D.",
        "role": "RN",
        "consortium": "1-VANEC"
      }
    },
    {
      "type": "Feature",
      "geometry": {
        "type": "Point",
        "coordinates": [
          -82.44266,
          38.41725
        ]
      },
      "properties": {
        "id": "dfca4560cc1baa2951d8e29e35f3abd6",
        "title": "VA Huntington Health Care System",
        "locationName": "Huntington, WV",
        "displayName": "Darryl Washington",
        "email": "darryl.washington2@va.gov",
        "phoneNumber": "202-717-5366",
        "ext": "",
        "recruiterType": "ppr",
        "city": "Huntington",
        "state": "WV",
        "visn": "5",
        "sourceSheet": "Smartsheet Gov - PPR Directory"
      }
    },
    {
      "type": "Feature",
      "geometry": {
        "type": "Point",
        "coordinates": [
          -85.69726,
          38.27057
        ]
      },
      "properties": {
        "id": "7e8aa145464d701829ab560f431df6d9",
        "title": "VA Medical Center Louisville",
        "locationName": "Louisville, KY",
        "displayName": "Michelle Branam",
        "email": "michelle.branam@va.gov",
        "phoneNumber": "859-281-3961",
        "ext": "",
        "recruiterType": "nurse",
        "city": "Louisville",
        "state": "KY",
        "visn": "9",
        "sourceSheet": "Smartsheet Gov - VA RN Facility Nurse Recruiter Directory",
        "nurseRecruiter": "BRANAM, MICHELLE"
      }
    },
    {
      "type": "Feature",
      "geometry": {
        "type": "Point",
        "coordinates": [
          -85.69726,
          38.27057
        ]
      },
      "properties": {
        "id": "c10d8d011a1a11ca633b7bf910210573",
        "title": "VA Medical Center Louisville",
        "locationName": "Louisville, KY",
        "displayName": "Steven Armstrong",
        "email": "steven.armstrong2@va.gov",
        "phoneNumber": "502-287-6168",
        "ext": "",
        "recruiterType": "nurse",
        "city": "Louisville",
        "state": "KY",
        "visn": "9",
        "stationNumber": "603",
        "sourceSheet": "Smartsheet Gov - VA RN Facility Nurse Recruiter Directory",
        "nurseRecruiter": "ARMSTRONG, STEVEN",
        "role": "RN",
        "consortium": "2-SSNC"
      }
    },
    {
      "type": "Feature",
      "geometry": {
        "type": "Point",
        "coordinates": [
          -85.69726,
          38.27057
        ]
      },
      "properties": {
        "id": "413907f29e31a349f7af0067884e0225",
        "title": "VA Louisville Health Care System",
        "locationName": "Louisville, KY",
        "displayName": "JP Pryan",
        "email": "james.pryan@va.gov",
        "phoneNumber": "785-221-0838",
        "ext": "",
        "recruiterType": "ppr",
        "city": "Louisville",
        "state": "KY",
        "visn": "9",
        "sourceSheet": "Smartsheet Gov - PPR Directory"
      }
    },
    {
      "type": "Feature",
      "geometry": {
        "type": "Point",
        "coordinates": [
          -84.53838,
          38.07383
        ]
      },
      "properties": {
        "id": "7bc0ea920ec50b7684db3c096d6f8b8a",
        "title": "VA Medical Center Lexington",
        "locationName": "Lexington, KY",
        "displayName": "Elizabeth A Ison",
        "email": "elizabeth.ison@va.gov",
        "phoneNumber": "859-281-3961",
        "ext": "",
        "recruiterType": "nurse",
        "city": "Lexington",
        "state": "KY",
        "visn": "9",
        "stationNumber": "596",
        "sourceSheet": "Smartsheet Gov - VA RN Facility Nurse Recruiter Directory",
        "groupEmail": "vhalex.nurserecruitment@va.gov",
        "nurseRecruiter": "ISON, ELIZABETH A",
        "role": "RN",
        "consortium": "2-SSNC"
      }
    },
    {
      "type": "Feature",
      "geometry": {
        "type": "Point",
        "coordinates": [
          -84.53838,
          38.07383
        ]
      },
      "properties": {
        "id": "8673788f796fa3fe1825e8828b98fa5d",
        "title": "VA Medical Center Lexington",
        "locationName": "Lexington, KY",
        "displayName": "Curtis W King",
        "email": "curtis.king@va.gov",
        "phoneNumber": "859-281-3961",
        "ext": "",
        "recruiterType": "nurse",
        "city": "Lexington",
        "state": "KY",
        "visn": "9",
        "stationNumber": "596",
        "sourceSheet": "Smartsheet Gov - VA RN Facility Nurse Recruiter Directory",
        "groupEmail": "vhalex.nurserecruitment@va.gov",
        "nurseRecruiter": "KING, CURTIS W",
        "role": "RN",
        "consortium": "2-SSNC"
      }
    },
    {
      "type": "Feature",
      "geometry": {
        "type": "Point",
        "coordinates": [
          -84.53838,
          38.07383
        ]
      },
      "properties": {
        "id": "0d098e9bbf6a7c231a571362c34abd52",
        "title": "VA Lexington Health Care System",
        "locationName": "Lexington, KY",
        "displayName": "Andrew Ford",
        "email": "andrew.ford2@va.gov",
        "phoneNumber": "859-556-5881",
        "ext": "",
        "recruiterType": "ppr",
        "city": "Lexington",
        "state": "KY",
        "visn": "9",
        "sourceSheet": "Smartsheet Gov - PPR Directory"
      }
    },
    {
      "type": "Feature",
      "geometry": {
        "type": "Point",
        "coordinates": [
          -122.50496,
          37.78241
        ]
      },
      "properties": {
        "id": "f826900ea9fcf29e995a10820585531e",
        "title": "VA Health Care System Medical Center San Francisco, CA",
        "locationName": "San Francisco, CA",
        "displayName": "Jimmy Dalaigh",
        "email": "jimmy.dalaigh@va.gov",
        "phoneNumber": "415-221-4810",
        "ext": "",
        "recruiterType": "nurse",
        "city": "San Francisco",
        "state": "CA",
        "visn": "21",
        "stationNumber": "662",
        "sourceSheet": "Smartsheet Gov - VA RN Facility Nurse Recruiter Directory",
        "nurseRecruiter": "DALAIGH, JIMMY",
        "role": "RN",
        "consortium": "4-WSNC"
      }
    },
    {
      "type": "Feature",
      "geometry": {
        "type": "Point",
        "coordinates": [
          -122.50496,
          37.78241
        ]
      },
      "properties": {
        "id": "6f147ff17efeb249ffa65fe89b0dcddc",
        "title": "VA San Francisco Health Care System",
        "locationName": "San Francisco, CA",
        "displayName": "David Martinez",
        "email": "david.martinez16@va.gov",
        "phoneNumber": "650-643-9856",
        "ext": "",
        "recruiterType": "ppr",
        "city": "San Francisco",
        "state": "CA",
        "visn": "21",
        "sourceSheet": "Smartsheet Gov - PPR Directory"
      }
    },
    {
      "type": "Feature",
      "geometry": {
        "type": "Point",
        "coordinates": [
          -81.1931,
          37.76509
        ]
      },
      "properties": {
        "id": "3a89638ce28fd62713ab586e98a4a3a9",
        "title": "VA Medical Center Beckley, WV",
        "locationName": "Beckley, WV",
        "displayName": "Angela Coleman",
        "email": "angela.coleman3@va.gov",
        "phoneNumber": "304-255-2121",
        "ext": "4527",
        "recruiterType": "nurse",
        "city": "Beckley",
        "state": "WV",
        "visn": "5",
        "stationNumber": "517",
        "sourceSheet": "Smartsheet Gov - VA RN Facility Nurse Recruiter Directory",
        "nurseRecruiter": "COLEMAN, ANGELA",
        "role": "RN",
        "consortium": "1-VANEC"
      }
    },
    {
      "type": "Feature",
      "geometry": {
        "type": "Point",
        "coordinates": [
          -81.1931,
          37.76509
        ]
      },
      "properties": {
        "id": "5872d51a896d20478a15d49a1e84c652",
        "title": "VA Beckley Health Care System",
        "locationName": "Beckley, WV",
        "displayName": "Darryl Washington",
        "email": "darryl.washington2@va.gov",
        "phoneNumber": "202-717-5366",
        "ext": "",
        "recruiterType": "ppr",
        "city": "Beckley",
        "state": "WV",
        "visn": "5",
        "sourceSheet": "Smartsheet Gov - PPR Directory"
      }
    },
    {
      "type": "Feature",
      "geometry": {
        "type": "Point",
        "coordinates": [
          -88.95485,
          37.72442
        ]
      },
      "properties": {
        "id": "d7ab1b65fa5a741189ffbb5a66c52cd8",
        "title": "VA Medical Center Marion, IL",
        "locationName": "Marion, IL",
        "displayName": "Jennifer Hazel",
        "email": "jennifer.hazel@va.gov",
        "phoneNumber": "618-997-5311",
        "ext": "54241",
        "recruiterType": "nurse",
        "city": "Marion",
        "state": "IL",
        "visn": "15",
        "stationNumber": "657 MA",
        "sourceSheet": "Smartsheet Gov - VA RN Facility Nurse Recruiter Directory",
        "nurseRecruiter": "HAZEL, JENNIFER",
        "role": "RN",
        "consortium": "3-MidCon"
      }
    },
    {
      "type": "Feature",
      "geometry": {
        "type": "Point",
        "coordinates": [
          -88.95485,
          37.72442
        ]
      },
      "properties": {
        "id": "483be825359d3ac8bd77dd35b4d384f3",
        "title": "VA Marion Health Care System",
        "locationName": "Marion, IL",
        "displayName": "Joanne Miller",
        "email": "joanne.miller2@va.gov",
        "phoneNumber": "618-694-5945",
        "ext": "",
        "recruiterType": "ppr",
        "city": "Marion",
        "state": "IL",
        "visn": "15",
        "sourceSheet": "Smartsheet Gov - PPR Directory"
      }
    },
    {
      "type": "Feature",
      "geometry": {
        "type": "Point",
        "coordinates": [
          -97.2741,
          37.6814
        ]
      },
      "properties": {
        "id": "71db2cff16dbcee936b95838360c8213",
        "title": "VA Medical Center Wichita, KS: Robert J. Dole",
        "locationName": "Wichita, KS",
        "displayName": "Vacant",
        "email": "vacant",
        "phoneNumber": "",
        "ext": "",
        "recruiterType": "nurse",
        "city": "Wichita",
        "state": "KS",
        "visn": "15",
        "stationNumber": "589 WA",
        "sourceSheet": "Smartsheet Gov - VA RN Facility Nurse Recruiter Directory",
        "groupEmail": "v15ssurp-wic@va.gov",
        "nurseRecruiter": "VACANT",
        "consortium": "3-MidCon"
      }
    },
    {
      "type": "Feature",
      "geometry": {
        "type": "Point",
        "coordinates": [
          -97.2741,
          37.6814
        ]
      },
      "properties": {
        "id": "fb7e327d673cc262f603cd8104b6a5d8",
        "title": "VA Wichita Health Care System",
        "locationName": "Wichita, KS",
        "displayName": "Christopher Cordes",
        "email": "christopher.cordes@va.gov",
        "phoneNumber": "316-685-2221",
        "ext": "54647",
        "recruiterType": "ppr",
        "city": "Wichita",
        "state": "KS",
        "visn": "15",
        "sourceSheet": "Smartsheet Gov - PPR Directory"
      }
    },
    {
      "type": "Feature",
      "geometry": {
        "type": "Point",
        "coordinates": [
          -77.46706,
          37.49809
        ]
      },
      "properties": {
        "id": "5b0fd8d0276eaa9d05cf89baf44f3506",
        "title": "VA Medical Center Richmond, VA: Central Virginia",
        "locationName": "Richmond, VA",
        "displayName": "Nichelle Bush-Brooks",
        "email": "nichelle.bushbrooks@va.gov",
        "phoneNumber": "804-675-5000",
        "ext": "3521",
        "recruiterType": "nurse",
        "city": "Richmond",
        "state": "VA",
        "visn": "6",
        "stationNumber": "652",
        "sourceSheet": "Smartsheet Gov - VA RN Facility Nurse Recruiter Directory",
        "groupEmail": "vharicnurserecruiter@va.gov",
        "nurseRecruiter": "BUSH-BROOKS, NICHELLE",
        "role": "RN",
        "consortium": "2-SSNC"
      }
    },
    {
      "type": "Feature",
      "geometry": {
        "type": "Point",
        "coordinates": [
          -77.46706,
          37.49809
        ]
      },
      "properties": {
        "id": "0870685efe840e29fa4564325a216eea",
        "title": "VA Medical Center Richmond, VA:  Central Virginia",
        "locationName": "Richmond, VA",
        "displayName": "Eric Grunwald",
        "email": "eric.grunwald@va.gov",
        "phoneNumber": "804-675-5000",
        "ext": "4517",
        "recruiterType": "nurse",
        "city": "Richmond",
        "state": "VA",
        "visn": "6",
        "stationNumber": "652",
        "sourceSheet": "Smartsheet Gov - VA RN Facility Nurse Recruiter Directory",
        "groupEmail": "vharicnurserecruiter@va.gov",
        "nurseRecruiter": "GRUNWALD, ERIC",
        "role": "RN",
        "consortium": "2-SSNC"
      }
    },
    {
      "type": "Feature",
      "geometry": {
        "type": "Point",
        "coordinates": [
          -77.46706,
          37.49809
        ]
      },
      "properties": {
        "id": "87fd5273466470e556ffc3eb46b94cc6",
        "title": "VA Medical Center Richmond, VA:  Central Virginia",
        "locationName": "Richmond, VA",
        "displayName": "Vacant",
        "email": "vacant",
        "phoneNumber": "",
        "ext": "",
        "recruiterType": "nurse",
        "city": "Richmond",
        "state": "VA",
        "visn": "6",
        "stationNumber": "652",
        "sourceSheet": "Smartsheet Gov - VA RN Facility Nurse Recruiter Directory",
        "groupEmail": "fredericksburg hcc",
        "nurseRecruiter": "VACANT",
        "role": "RN",
        "consortium": "2-SSNC"
      }
    },
    {
      "type": "Feature",
      "geometry": {
        "type": "Point",
        "coordinates": [
          -77.46706,
          37.49809
        ]
      },
      "properties": {
        "id": "52cc94b010b7f6281f48a79527dc28ad",
        "title": "VA Richmond Health Care System",
        "locationName": "Richmond, VA",
        "displayName": "Eric Snipes",
        "email": "eric.snipes@va.gov",
        "phoneNumber": "707-628-0296",
        "ext": "",
        "recruiterType": "ppr",
        "city": "Richmond",
        "state": "VA",
        "visn": "6",
        "sourceSheet": "Smartsheet Gov - PPR Directory"
      }
    },
    {
      "type": "Feature",
      "geometry": {
        "type": "Point",
        "coordinates": [
          -122.14021,
          37.40514
        ]
      },
      "properties": {
        "id": "5c4de694ad32e529a24448c25b574ab2",
        "title": "Palo Alto Health Care System, Palo Alto, CA",
        "locationName": "Palo Alto, CA",
        "displayName": "DEBORAH SAMUEL",
        "email": "deborah samuel",
        "phoneNumber": "650-694-6000",
        "ext": "15006",
        "recruiterType": "nurse",
        "city": "Palo Alto",
        "state": "CA",
        "visn": "21",
        "stationNumber": "640",
        "sourceSheet": "Smartsheet Gov - VA RN Facility Nurse Recruiter Directory",
        "groupEmail": "v21palnurserecruiter@va.gov",
        "nurseRecruiter": "SAMUEL, DEBORAH",
        "role": "RN",
        "consortium": "4-WSNC"
      }
    },
    {
      "type": "Feature",
      "geometry": {
        "type": "Point",
        "coordinates": [
          -122.14021,
          37.40514
        ]
      },
      "properties": {
        "id": "4452ed2ac8f1abc599fde17dcda55e8d",
        "title": "Palo Alto Health Care System, Palo Alto, CA",
        "locationName": "Palo Alto, CA",
        "displayName": "Cecil Peji",
        "email": "cecil.peji@va.gov",
        "phoneNumber": "650-694-6000",
        "ext": "15002",
        "recruiterType": "nurse",
        "city": "Palo Alto",
        "state": "CA",
        "visn": "21",
        "stationNumber": "640",
        "sourceSheet": "Smartsheet Gov - VA RN Facility Nurse Recruiter Directory",
        "groupEmail": "v21palnurserecruiter@va.gov",
        "nurseRecruiter": "PEJI, CECIL",
        "role": "RN",
        "consortium": "4-WSNC"
      }
    },
    {
      "type": "Feature",
      "geometry": {
        "type": "Point",
        "coordinates": [
          -122.14021,
          37.40514
        ]
      },
      "properties": {
        "id": "ba78df8d9dd560fb0e3d237b10eff7a8",
        "title": "VA Palo Alto Health Care System",
        "locationName": "Palo Alto, CA",
        "displayName": "David Martinez",
        "email": "david.martinez16@va.gov",
        "phoneNumber": "925-270-6574",
        "ext": "",
        "recruiterType": "ppr",
        "city": "Palo Alto",
        "state": "CA",
        "visn": "21",
        "sourceSheet": "Smartsheet Gov - PPR Directory"
      }
    },
    {
      "type": "Feature",
      "geometry": {
        "type": "Point",
        "coordinates": [
          -80.01851,
          37.27442
        ]
      },
      "properties": {
        "id": "e9eeece5e0c772e37188c4c2d7b8e897",
        "title": "Salem VA Health Care System",
        "locationName": "Salem, VA",
        "displayName": "Dyana Williams",
        "email": "dyana.williams@va.gov",
        "phoneNumber": "540-982-2463",
        "ext": "2514",
        "recruiterType": "nurse",
        "city": "Salem",
        "state": "VA",
        "visn": "6",
        "stationNumber": "658",
        "sourceSheet": "Smartsheet Gov - VA RN Facility Nurse Recruiter Directory",
        "nurseRecruiter": "WILLIAMS, DYANA",
        "role": "RN",
        "consortium": "2-SSNC"
      }
    },
    {
      "type": "Feature",
      "geometry": {
        "type": "Point",
        "coordinates": [
          -80.01851,
          37.27442
        ]
      },
      "properties": {
        "id": "02574df8fa2fb5fbfac8464fb2982adc",
        "title": "VA Salem Health Care System",
        "locationName": "Salem, VA",
        "displayName": "Mike Owens",
        "email": "michael.owens4@va.gov",
        "phoneNumber": "716-982-1949",
        "ext": "",
        "recruiterType": "ppr",
        "city": "Salem",
        "state": "VA",
        "visn": "6",
        "sourceSheet": "Smartsheet Gov - PPR Directory"
      }
    },
    {
      "type": "Feature",
      "geometry": {
        "type": "Point",
        "coordinates": [
          -76.33198,
          37.01523
        ]
      },
      "properties": {
        "id": "d3537a84a40707bd22e79901c5be038b",
        "title": "VA Medical Center Hampton VA",
        "locationName": "Hampton, VA",
        "displayName": "James D Hudson",
        "email": "james.hudson2@va.gov",
        "phoneNumber": "757-772-9961",
        "ext": "13291",
        "recruiterType": "nurse",
        "city": "Hampton",
        "state": "VA",
        "visn": "6",
        "stationNumber": "590",
        "sourceSheet": "Smartsheet Gov - VA RN Facility Nurse Recruiter Directory",
        "nurseRecruiter": "HUDSON, JAMES D",
        "role": "RN",
        "consortium": "2-SSNC"
      }
    },
    {
      "type": "Feature",
      "geometry": {
        "type": "Point",
        "coordinates": [
          -76.33198,
          37.01523
        ]
      },
      "properties": {
        "id": "db36f286e16056938438c2d3631164ba",
        "title": "VA Hampton Health Care System",
        "locationName": "Hampton, VA",
        "displayName": "Hillary Garcia",
        "email": "hillary.garcia@va.gov",
        "phoneNumber": "816-548-8803",
        "ext": "",
        "recruiterType": "ppr",
        "city": "Hampton",
        "state": "VA",
        "visn": "6",
        "sourceSheet": "Smartsheet Gov - PPR Directory"
      }
    },
    {
      "type": "Feature",
      "geometry": {
        "type": "Point",
        "coordinates": [
          -119.77895,
          36.77338
        ]
      },
      "properties": {
        "id": "a576e0191335bb64c6a35c2a2b65e862",
        "title": "VA Central CA Health Care System, Fresno, CA",
        "locationName": "Fresno, CA",
        "displayName": "Rajvir Ladhar",
        "email": "rajvir.ladhar@va.gov",
        "phoneNumber": "559-225-6100",
        "ext": "6636",
        "recruiterType": "nurse",
        "city": "Fresno",
        "state": "CA",
        "visn": "21",
        "stationNumber": "570",
        "sourceSheet": "Smartsheet Gov - VA RN Facility Nurse Recruiter Directory",
        "nurseRecruiter": "LADHAR, RAJVIR",
        "role": "RN",
        "consortium": "4-WSNC"
      }
    },
    {
      "type": "Feature",
      "geometry": {
        "type": "Point",
        "coordinates": [
          -119.77895,
          36.77338
        ]
      },
      "properties": {
        "id": "e0d89d2682d6566507e09def9171fc55",
        "title": "VA Central California Health Care System",
        "locationName": "Fresno, CA",
        "displayName": "Greg Salmon",
        "email": "gregory.salmon@va.gov",
        "phoneNumber": "321-689-7080",
        "ext": "",
        "recruiterType": "ppr",
        "city": "Fresno",
        "state": "CA",
        "visn": "21",
        "sourceSheet": "Smartsheet Gov - PPR Directory"
      }
    },
    {
      "type": "Feature",
      "geometry": {
        "type": "Point",
        "coordinates": [
          -90.41689,
          36.7723
        ]
      },
      "properties": {
        "id": "0117ece629759769efa68fede2aca737",
        "title": "John J. Pershing VA",
        "locationName": "Poplar Bluff, MO",
        "displayName": "Ava Lampe",
        "email": "ava.lampe@va.gov",
        "phoneNumber": "573-686-4151",
        "ext": "52034",
        "recruiterType": "nurse",
        "city": "Poplar Bluff",
        "state": "MO",
        "visn": "15",
        "stationNumber": "657A",
        "sourceSheet": "Smartsheet Gov - VA RN Facility Nurse Recruiter Directory",
        "nurseRecruiter": "LAMPE, AVA",
        "role": "RN",
        "consortium": "3-MidCon"
      }
    },
    {
      "type": "Feature",
      "geometry": {
        "type": "Point",
        "coordinates": [
          -90.41689,
          36.7723
        ]
      },
      "properties": {
        "id": "614d4d5b2e0dbc9fe009f72775108285",
        "title": "VA Poplar Bluff Health Care System",
        "locationName": "Poplar Bluff, MO",
        "displayName": "Tracy Sheppard",
        "email": "tracy.sheppard@va.gov",
        "phoneNumber": "573-300-5592",
        "ext": "",
        "recruiterType": "ppr",
        "city": "Poplar Bluff",
        "state": "MO",
        "visn": "15",
        "sourceSheet": "Smartsheet Gov - PPR Directory"
      }
    },
    {
      "type": "Feature",
      "geometry": {
        "type": "Point",
        "coordinates": [
          -82.3731,
          36.31118
        ]
      },
      "properties": {
        "id": "203a4c20c3cb6014d8392a27f2f7c854",
        "title": "VA Medical Center Mountain Home",
        "locationName": "Mountain Home, TN",
        "displayName": "Angela J White",
        "email": "angela.white9@va.gov",
        "phoneNumber": "423-926-1171",
        "ext": "7744",
        "recruiterType": "nurse",
        "city": "Mountain Home",
        "state": "TN",
        "visn": "9",
        "stationNumber": "621",
        "sourceSheet": "Smartsheet Gov - VA RN Facility Nurse Recruiter Directory",
        "nurseRecruiter": "WHITE, ANGELA J",
        "role": "RN",
        "consortium": "2-SSNC"
      }
    },
    {
      "type": "Feature",
      "geometry": {
        "type": "Point",
        "coordinates": [
          -82.3731,
          36.31118
        ]
      },
      "properties": {
        "id": "bbfca407d9d54a4c3f40cd9f82680660",
        "title": "VA Mountain Home Health Care System",
        "locationName": "Mountain Home, TN",
        "displayName": "JP Pryan",
        "email": "james.pryan@va.gov",
        "phoneNumber": "785-221-0838",
        "ext": "",
        "recruiterType": "ppr",
        "city": "Mountain Home",
        "state": "TN",
        "visn": "9",
        "sourceSheet": "Smartsheet Gov - PPR Directory"
      }
    },
    {
      "type": "Feature",
      "geometry": {
        "type": "Point",
        "coordinates": [
          -115.09421,
          36.28485
        ]
      },
      "properties": {
        "id": "bbbb3f09f6f35b52f76ee2ed27067bdd",
        "title": "VA Southern Nevada Healthcare System: VAMC",
        "locationName": "North Las Vegas, NV",
        "displayName": "Trinette Broom",
        "email": "trinette.broom@va.gov",
        "phoneNumber": "702-791-9000",
        "ext": "14573",
        "recruiterType": "nurse",
        "city": "North Las Vegas",
        "state": "NV",
        "visn": "21",
        "stationNumber": "593",
        "sourceSheet": "Smartsheet Gov - VA RN Facility Nurse Recruiter Directory",
        "groupEmail": "vhalasnurserecruiters@va.gov",
        "nurseRecruiter": "BROOM, TRINETTE",
        "role": "RN",
        "consortium": "4-WSNC"
      }
    },
    {
      "type": "Feature",
      "geometry": {
        "type": "Point",
        "coordinates": [
          -115.09421,
          36.28485
        ]
      },
      "properties": {
        "id": "6d1c6ab9b35eef81f562e71979c4a299",
        "title": "VA Southern Nevada Healthcare System: VAMC",
        "locationName": "North Las Vegas, NV",
        "displayName": "Madonna Dellosa",
        "email": "madonna.dellosa@va.gov",
        "phoneNumber": "702-791-9000",
        "ext": "14187",
        "recruiterType": "nurse",
        "city": "North Las Vegas",
        "state": "NV",
        "visn": "21",
        "stationNumber": "593",
        "sourceSheet": "Smartsheet Gov - VA RN Facility Nurse Recruiter Directory",
        "groupEmail": "vhalasnurserecruiters@va.gov",
        "nurseRecruiter": "DELLOSA, MADONNA",
        "role": "RN",
        "consortium": "4-WSNC"
      }
    },
    {
      "type": "Feature",
      "geometry": {
        "type": "Point",
        "coordinates": [
          -115.09421,
          36.28485
        ]
      },
      "properties": {
        "id": "4f848725c4969e2620eba0ec05141205",
        "title": "VA Southern Nevada Healthcare System: VAMC",
        "locationName": "North Las Vegas, NV",
        "displayName": "Ester Lian Lazaro-Mascardo",
        "email": "esterlian.lazaro-mascardo@va.gov",
        "phoneNumber": "702-791-9000",
        "ext": "15824",
        "recruiterType": "nurse",
        "city": "North Las Vegas",
        "state": "NV",
        "visn": "21",
        "stationNumber": "593",
        "sourceSheet": "Smartsheet Gov - VA RN Facility Nurse Recruiter Directory",
        "groupEmail": "vhalasnurserecruiters@va.gov",
        "nurseRecruiter": "LAZARO-MASCARDO, ESTER LIAN",
        "role": "RN",
        "consortium": "4-WSNC"
      }
    },
    {
      "type": "Feature",
      "geometry": {
        "type": "Point",
        "coordinates": [
          -115.09421,
          36.28485
        ]
      },
      "properties": {
        "id": "6c3095d5459c53e741f6389b67ba0f29",
        "title": "VA Southern Nevada Health Care System",
        "locationName": "North Las Vegas, NV",
        "displayName": "Kelly DeBoer",
        "email": "kelly.deboer@va.gov",
        "phoneNumber": "775-223-5351",
        "ext": "",
        "recruiterType": "ppr",
        "city": "North Las Vegas",
        "state": "NV",
        "visn": "21",
        "sourceSheet": "Smartsheet Gov - PPR Directory"
      }
    },
    {
      "type": "Feature",
      "geometry": {
        "type": "Point",
        "coordinates": [
          -86.80396,
          36.1413
        ]
      },
      "properties": {
        "id": "71d4be722db7097e657584408ffca93d",
        "title": "VA Tennessee Valley Healthcare System",
        "locationName": "Nashville, TN",
        "displayName": "Nicole M Crum",
        "email": "nicole.crum@va.gov",
        "phoneNumber": "615-873-6721",
        "ext": "",
        "recruiterType": "nurse",
        "city": "Nashville",
        "state": "TN",
        "visn": "9",
        "stationNumber": "626",
        "sourceSheet": "Smartsheet Gov - VA RN Facility Nurse Recruiter Directory",
        "nurseRecruiter": "CRUM, NICOLE M",
        "role": "RN",
        "consortium": "2-SSNC"
      }
    },
    {
      "type": "Feature",
      "geometry": {
        "type": "Point",
        "coordinates": [
          -86.80396,
          36.1413
        ]
      },
      "properties": {
        "id": "7424e35a968313180b16216674e96940",
        "title": "VA Tennessee Valley Healthcare System",
        "locationName": "Nashville, TN",
        "displayName": "Melissa F Littman",
        "email": "melissa.littman@va.gov",
        "phoneNumber": "615-225-3608",
        "ext": "",
        "recruiterType": "nurse",
        "city": "Nashville",
        "state": "TN",
        "visn": "9",
        "stationNumber": "626",
        "sourceSheet": "Smartsheet Gov - VA RN Facility Nurse Recruiter Directory",
        "nurseRecruiter": "LITTMAN, MELISSA F",
        "role": "RN",
        "consortium": "2-SSNC"
      }
    },
    {
      "type": "Feature",
      "geometry": {
        "type": "Point",
        "coordinates": [
          -86.80396,
          36.1413
        ]
      },
      "properties": {
        "id": "e7c13e4d0282b2bb4b894f03aaa12e16",
        "title": "VA Tennessee Valley Health Care System",
        "locationName": "Nashville, TN",
        "displayName": "Jason Tafoya",
        "email": "jason.tafoya@va.gov",
        "phoneNumber": "925-270-6574",
        "ext": "",
        "recruiterType": "ppr",
        "city": "Nashville",
        "state": "TN",
        "visn": "9",
        "sourceSheet": "Smartsheet Gov - PPR Directory"
      }
    },
    {
      "type": "Feature",
      "geometry": {
        "type": "Point",
        "coordinates": [
          -94.15829,
          36.07987
        ]
      },
      "properties": {
        "id": "356f7902ccb6e91cf5372ee1346639e7",
        "title": "HCS of the Ozarks, Fayetteville, AR",
        "locationName": "Fayetteville, AR",
        "displayName": "Lane Prince",
        "email": "lane.prince@va.gov",
        "phoneNumber": "479-443-4301",
        "ext": "65002",
        "recruiterType": "nurse",
        "city": "Fayetteville",
        "state": "AR",
        "visn": "16",
        "stationNumber": "564",
        "sourceSheet": "Smartsheet Gov - VA RN Facility Nurse Recruiter Directory",
        "nurseRecruiter": "PRINCE, LANE",
        "role": "RN",
        "consortium": "2-SSNC"
      }
    },
    {
      "type": "Feature",
      "geometry": {
        "type": "Point",
        "coordinates": [
          -94.15829,
          36.07987
        ]
      },
      "properties": {
        "id": "f374c5b3c3e74f78a0264bc4bbfc6ee4",
        "title": "VA Fayetteville Arkansas Health Care System",
        "locationName": "Fayetteville, AR",
        "displayName": "Bradly Cargill",
        "email": "bradly.cargill@va.gov",
        "phoneNumber": "479-435-5542",
        "ext": "",
        "recruiterType": "ppr",
        "city": "Fayetteville",
        "state": "AR",
        "visn": "16",
        "sourceSheet": "Smartsheet Gov - PPR Directory"
      }
    },
    {
      "type": "Feature",
      "geometry": {
        "type": "Point",
        "coordinates": [
          -78.93853,
          36.00914
        ]
      },
      "properties": {
        "id": "c30ab37fb07b79bd89a683d952c7e4fa",
        "title": "VA Medical Center Durham, NC",
        "locationName": "Durham, NC",
        "displayName": "Claudette Forrest",
        "email": "claudette.forrest@va.gov",
        "phoneNumber": "919-286-6858",
        "ext": "",
        "recruiterType": "nurse",
        "city": "Durham",
        "state": "NC",
        "visn": "6",
        "stationNumber": "558",
        "sourceSheet": "Smartsheet Gov - VA RN Facility Nurse Recruiter Directory",
        "nurseRecruiter": "FORREST, CLAUDETTE",
        "role": "RN",
        "consortium": "2-SSNC"
      }
    },
    {
      "type": "Feature",
      "geometry": {
        "type": "Point",
        "coordinates": [
          -78.93853,
          36.00914
        ]
      },
      "properties": {
        "id": "187d4b9db76aededc3b76449744fc3d9",
        "title": "VA Medical Center Durham, NC",
        "locationName": "Durham, NC",
        "displayName": "Mary Johnson",
        "email": "mary.johnson2@va.gov",
        "phoneNumber": "919-286-0411",
        "ext": "",
        "recruiterType": "nurse",
        "city": "Durham",
        "state": "NC",
        "visn": "6",
        "stationNumber": "558",
        "sourceSheet": "Smartsheet Gov - VA RN Facility Nurse Recruiter Directory",
        "nurseRecruiter": "JOHNSON, MARY",
        "role": "RN",
        "consortium": "2-SSNC"
      }
    },
    {
      "type": "Feature",
      "geometry": {
        "type": "Point",
        "coordinates": [
          -78.93853,
          36.00914
        ]
      },
      "properties": {
        "id": "048c91388e3ec4052594d3336d1f2a43",
        "title": "VA Durham Health Care System",
        "locationName": "Durham, NC",
        "displayName": "Melissa Acuna-Huerbana",
        "email": "melissa.acuna-huerbana@va.gov",
        "phoneNumber": "910-627-5805",
        "ext": "",
        "recruiterType": "ppr",
        "city": "Durham",
        "state": "NC",
        "visn": "6",
        "sourceSheet": "Smartsheet Gov - PPR Directory"
      }
    },
    {
      "type": "Feature",
      "geometry": {
        "type": "Point",
        "coordinates": [
          -95.41425,
          35.76532
        ]
      },
      "properties": {
        "id": "7d209d9778c8cfdb2289ce6836968ce0",
        "title": "VA Medical Center Muskogee, OK: Jack C. Montgomery",
        "locationName": "Muskogee, OK",
        "displayName": "Leslie Davis",
        "email": "leslie.davis6@va.gov",
        "phoneNumber": "918-351-4895",
        "ext": "",
        "recruiterType": "nurse",
        "city": "Muskogee",
        "state": "OK",
        "visn": "19",
        "stationNumber": "623",
        "sourceSheet": "Smartsheet Gov - VA RN Facility Nurse Recruiter Directory",
        "nurseRecruiter": "DAVIS, LESLIE",
        "role": "RN",
        "consortium": "4-WSNC"
      }
    },
    {
      "type": "Feature",
      "geometry": {
        "type": "Point",
        "coordinates": [
          -95.41425,
          35.76532
        ]
      },
      "properties": {
        "id": "3d575acfb9cd34f4a2c0e83946299288",
        "title": "VA Eastern Oklahoma Health Care System",
        "locationName": "Muskogee, OK",
        "displayName": "Ratisha Brown",
        "email": "ratishia.brown@va.gov",
        "phoneNumber": "918-577-3602",
        "ext": "",
        "recruiterType": "ppr",
        "city": "Muskogee",
        "state": "OK",
        "visn": "19",
        "sourceSheet": "Smartsheet Gov - PPR Directory"
      }
    },
    {
      "type": "Feature",
      "geometry": {
        "type": "Point",
        "coordinates": [
          -80.48797,
          35.6843
        ]
      },
      "properties": {
        "id": "1caa8457489489bca919aea79555883f",
        "title": "VAMC Salisbury, NC: W.G. (Bill) Hefner",
        "locationName": "Salisbury, NC",
        "displayName": "Manalle Earnhardt",
        "email": "manalle.earnhardt@va.gov",
        "phoneNumber": "704-638-9000",
        "ext": "13969",
        "recruiterType": "nurse",
        "city": "Salisbury",
        "state": "NC",
        "visn": "6",
        "stationNumber": "659",
        "sourceSheet": "Smartsheet Gov - VA RN Facility Nurse Recruiter Directory",
        "nurseRecruiter": "EARNHARDT, MANALLE",
        "role": "RN",
        "consortium": "2-SSNC"
      }
    },
    {
      "type": "Feature",
      "geometry": {
        "type": "Point",
        "coordinates": [
          -80.48797,
          35.6843
        ]
      },
      "properties": {
        "id": "7440c09464cf9b8563bdea28b7fb261e",
        "title": "VAMC Salisbury, NC: W.G. (Bill) Hefner",
        "locationName": "Salisbury, NC",
        "displayName": "Vacant",
        "email": "vacant",
        "phoneNumber": "",
        "ext": "",
        "recruiterType": "nurse",
        "city": "Salisbury",
        "state": "NC",
        "visn": "6",
        "stationNumber": "659",
        "sourceSheet": "Smartsheet Gov - VA RN Facility Nurse Recruiter Directory",
        "nurseRecruiter": "VACANT",
        "role": "RN",
        "consortium": "2-SSNC"
      }
    },
    {
      "type": "Feature",
      "geometry": {
        "type": "Point",
        "coordinates": [
          -80.48797,
          35.6843
        ]
      },
      "properties": {
        "id": "3d072a5104320b97c089ee05919e8580",
        "title": "VA Salisbury Health Care System",
        "locationName": "Salisbury, NC",
        "displayName": "Annie Luckey",
        "email": "annie.luckey@va.gov",
        "phoneNumber": "704-638-9000",
        "ext": "17305",
        "recruiterType": "ppr",
        "city": "Salisbury",
        "state": "NC",
        "visn": "6",
        "sourceSheet": "Smartsheet Gov - PPR Directory"
      }
    },
    {
      "type": "Feature",
      "geometry": {
        "type": "Point",
        "coordinates": [
          -82.48405,
          35.5885
        ]
      },
      "properties": {
        "id": "92c959ae507b57317bcdb99375c8c473",
        "title": "VA Medical Center Asheville, NC",
        "locationName": "Asheville, NC",
        "displayName": "Tina K Barnes",
        "email": "tina.barnes@va.gov",
        "phoneNumber": "828-298-7911",
        "ext": "15598",
        "recruiterType": "nurse",
        "city": "Asheville",
        "state": "NC",
        "visn": "6",
        "stationNumber": "637",
        "sourceSheet": "Smartsheet Gov - VA RN Facility Nurse Recruiter Directory",
        "nurseRecruiter": "BARNES, TINA K",
        "role": "RN",
        "consortium": "2-SSNC"
      }
    },
    {
      "type": "Feature",
      "geometry": {
        "type": "Point",
        "coordinates": [
          -82.48405,
          35.5885
        ]
      },
      "properties": {
        "id": "747fc40f463d2bc8d85bbab066079f84",
        "title": "VA Asheville Health Care System",
        "locationName": "Asheville, NC",
        "displayName": "Lisa Sheffield",
        "email": "lisa.sheffield@va.gov",
        "phoneNumber": "704-638-9000",
        "ext": "12204",
        "recruiterType": "ppr",
        "city": "Asheville",
        "state": "NC",
        "visn": "6",
        "sourceSheet": "Smartsheet Gov - PPR Directory"
      }
    },
    {
      "type": "Feature",
      "geometry": {
        "type": "Point",
        "coordinates": [
          -97.49599,
          35.48303
        ]
      },
      "properties": {
        "id": "870816fdff242c2c48c6ef1d7f4d56f3",
        "title": "Oklahoma City VA Healthcare System",
        "locationName": "Oklahoma City, OK",
        "displayName": "Angela Curran (peters)",
        "email": "angela.curran2@va.gov",
        "phoneNumber": "405-456-5607",
        "ext": "",
        "recruiterType": "nurse",
        "city": "Oklahoma City",
        "state": "OK",
        "visn": "19",
        "stationNumber": "635",
        "sourceSheet": "Smartsheet Gov - VA RN Facility Nurse Recruiter Directory",
        "nurseRecruiter": "CURRAN (PETERS), ANGELA",
        "role": "RN",
        "consortium": "4-WSNC"
      }
    },
    {
      "type": "Feature",
      "geometry": {
        "type": "Point",
        "coordinates": [
          -97.49599,
          35.48303
        ]
      },
      "properties": {
        "id": "eea06a999eee1c68e7bab7e7b11d96fb",
        "title": "VA Oklahoma City Health Care System (1 of 2)",
        "locationName": "Oklahoma City, OK",
        "displayName": "Alex Ajisope",
        "email": "gbolahan.ajisope@va.gov",
        "phoneNumber": "405-887-6969",
        "ext": "",
        "recruiterType": "ppr",
        "city": "Oklahoma City",
        "state": "OK",
        "visn": "19",
        "sourceSheet": "Smartsheet Gov - PPR Directory"
      }
    },
    {
      "type": "Feature",
      "geometry": {
        "type": "Point",
        "coordinates": [
          -97.49599,
          35.48303
        ]
      },
      "properties": {
        "id": "b54e38a935eb2e79354fc11314f1c077",
        "title": "VA Oklahoma City Health Care System (2 of 2)",
        "locationName": "Oklahoma City, OK",
        "displayName": "David Billingsley",
        "email": "david.billingsleyjr@va.gov",
        "phoneNumber": "405-456-3653",
        "ext": "",
        "recruiterType": "ppr",
        "city": "Oklahoma City",
        "state": "OK",
        "visn": "19",
        "sourceSheet": "Smartsheet Gov - PPR Directory"
      }
    },
    {
      "type": "Feature",
      "geometry": {
        "type": "Point",
        "coordinates": [
          -101.90643,
          35.20391
        ]
      },
      "properties": {
        "id": "c9f2545d46853bb7f79856366007a273",
        "title": "Amarillo VA Health Care System",
        "locationName": "Amarillo, TX",
        "displayName": "Vacant",
        "email": "vacant",
        "phoneNumber": "",
        "ext": "",
        "recruiterType": "nurse",
        "city": "Amarillo",
        "state": "TX",
        "visn": "17",
        "stationNumber": "504",
        "sourceSheet": "Smartsheet Gov - VA RN Facility Nurse Recruiter Directory",
        "nurseRecruiter": "VACANT",
        "role": "RN",
        "consortium": "4-WSNC"
      }
    },
    {
      "type": "Feature",
      "geometry": {
        "type": "Point",
        "coordinates": [
          -101.90643,
          35.20391
        ]
      },
      "properties": {
        "id": "a28ee90ba1bb8b2eddeaf1faff8eb8e0",
        "title": "VA Amarillo Health Care System",
        "locationName": "Amarillo, TX",
        "displayName": "Jason Tafoya",
        "email": "jason.tafoya@va.gov",
        "phoneNumber": "925-270-6574",
        "ext": "",
        "recruiterType": "ppr",
        "city": "Amarillo",
        "state": "TX",
        "visn": "17",
        "sourceSheet": "Smartsheet Gov - PPR Directory"
      }
    },
    {
      "type": "Feature",
      "geometry": {
        "type": "Point",
        "coordinates": [
          -90.02738,
          35.1437
        ]
      },
      "properties": {
        "id": "6e7b3bc9d6d27312ff3f3bc13ed09ba5",
        "title": "VA Medical Center Memphis",
        "locationName": "Memphis, TN",
        "displayName": "Lori Christion",
        "email": "lori.christion@va.gov",
        "phoneNumber": "901-285-4824",
        "ext": "",
        "recruiterType": "nurse",
        "city": "Memphis",
        "state": "TN",
        "visn": "9",
        "stationNumber": "614",
        "sourceSheet": "Smartsheet Gov - VA RN Facility Nurse Recruiter Directory",
        "nurseRecruiter": "CHRISTION, LORI",
        "role": "RN",
        "consortium": "2-SSNC"
      }
    },
    {
      "type": "Feature",
      "geometry": {
        "type": "Point",
        "coordinates": [
          -90.02738,
          35.1437
        ]
      },
      "properties": {
        "id": "1a81a357a11b0e8cae380d922dd7e5f9",
        "title": "VA Memphis Health Care System",
        "locationName": "Memphis, TN",
        "displayName": "Carla Lang",
        "email": "carla.lang@va.gov",
        "phoneNumber": "",
        "ext": "",
        "recruiterType": "ppr",
        "city": "Memphis",
        "state": "TN",
        "visn": "9",
        "sourceSheet": "Smartsheet Gov - PPR Directory"
      }
    },
    {
      "type": "Feature",
      "geometry": {
        "type": "Point",
        "coordinates": [
          -78.87688,
          35.08798
        ]
      },
      "properties": {
        "id": "f336dc3ceaf989aebd0cfd8ffb84939a",
        "title": "VA Medical Center Fayetteville, NC",
        "locationName": "Fayetteville, NC",
        "displayName": "Pamela S Taylor",
        "email": "pamela.taylor10@va.gov",
        "phoneNumber": "910-973-2991",
        "ext": "",
        "recruiterType": "nurse",
        "city": "Fayetteville",
        "state": "NC",
        "visn": "6",
        "stationNumber": "565",
        "sourceSheet": "Smartsheet Gov - VA RN Facility Nurse Recruiter Directory",
        "groupEmail": "304-677-8225 (cell)",
        "nurseRecruiter": "TAYLOR, PAMELA S.",
        "role": "RN",
        "consortium": "2-SSNC"
      }
    },
    {
      "type": "Feature",
      "geometry": {
        "type": "Point",
        "coordinates": [
          -78.87688,
          35.08798
        ]
      },
      "properties": {
        "id": "93f69119c2d6079059ee457147c64fbc",
        "title": "VA Fayetteville Coastal Health Care System",
        "locationName": "Fayetteville, NC",
        "displayName": "Mike Owens",
        "email": "michael.owens4@va.gov",
        "phoneNumber": "716-982-1949",
        "ext": "",
        "recruiterType": "ppr",
        "city": "Fayetteville",
        "state": "NC",
        "visn": "6",
        "sourceSheet": "Smartsheet Gov - PPR Directory"
      }
    },
    {
      "type": "Feature",
      "geometry": {
        "type": "Point",
        "coordinates": [
          -106.58122,
          35.05506
        ]
      },
      "properties": {
        "id": "31c547802f66baf456bce97bfe785300",
        "title": "New Mexico VA Health Care System",
        "locationName": "Albuquerque, NM",
        "displayName": "Merri Irish",
        "email": "merri.irish@va.gov",
        "phoneNumber": "505-265-1711",
        "ext": "7057",
        "recruiterType": "nurse",
        "city": "Albuquerque",
        "state": "NM",
        "visn": "22",
        "stationNumber": "501",
        "sourceSheet": "Smartsheet Gov - VA RN Facility Nurse Recruiter Directory",
        "nurseRecruiter": "IRISH, MERRI",
        "role": "RN",
        "consortium": "4-WSNC"
      }
    },
    {
      "type": "Feature",
      "geometry": {
        "type": "Point",
        "coordinates": [
          -106.58122,
          35.05506
        ]
      },
      "properties": {
        "id": "284f5c3b3aaf997e834cef9fc2aaeaf3",
        "title": "New Mexico VA Health Care System",
        "locationName": "Albuquerque, NM",
        "displayName": "Heidi Orehek",
        "email": "heidi.orehek@va.gov",
        "phoneNumber": "505-265-1711",
        "ext": "6030",
        "recruiterType": "nurse",
        "city": "Albuquerque",
        "state": "NM",
        "visn": "22",
        "stationNumber": "501",
        "sourceSheet": "Smartsheet Gov - VA RN Facility Nurse Recruiter Directory",
        "nurseRecruiter": "OREHEK, HEIDI",
        "role": "RN",
        "consortium": "4-WSNC"
      }
    },
    {
      "type": "Feature",
      "geometry": {
        "type": "Point",
        "coordinates": [
          -106.58122,
          35.05506
        ]
      },
      "properties": {
        "id": "7726e4d0eb1ae13ec89a5e552699f029",
        "title": "VA New Mexico Health Care System",
        "locationName": "Albuquerque, NM",
        "displayName": "Matthew Corrales",
        "email": "matthew.corrales@va.gov",
        "phoneNumber": "505-934-0047",
        "ext": "",
        "recruiterType": "ppr",
        "city": "Albuquerque",
        "state": "NM",
        "visn": "22",
        "sourceSheet": "Smartsheet Gov - PPR Directory"
      }
    },
    {
      "type": "Feature",
      "geometry": {
        "type": "Point",
        "coordinates": [
          -92.32059,
          34.74651
        ]
      },
      "properties": {
        "id": "52c3832fc856e2554948add0f2bea870",
        "title": "Central Arkansas Veterans Healthcare System",
        "locationName": "Little Rock, AR",
        "displayName": "Shelly L Berry",
        "email": "shelly.berry@va.gov",
        "phoneNumber": "501-257-2474",
        "ext": "",
        "recruiterType": "nurse",
        "city": "Little Rock",
        "state": "AR",
        "visn": "16",
        "stationNumber": "598",
        "sourceSheet": "Smartsheet Gov - VA RN Facility Nurse Recruiter Directory",
        "groupEmail": "littlerocknurse@va.gov",
        "nurseRecruiter": "BERRY, SHELLY L",
        "role": "RN",
        "consortium": "2-SSNC"
      }
    },
    {
      "type": "Feature",
      "geometry": {
        "type": "Point",
        "coordinates": [
          -92.32059,
          34.74651
        ]
      },
      "properties": {
        "id": "3826547a6b3822408e7ae678cfb7672c",
        "title": "Central Arkansas Veterans Healthcare System",
        "locationName": "Little Rock, AR",
        "displayName": "Victoria Cathey",
        "email": "victoria.cathey@va.gov",
        "phoneNumber": "501-257-3744",
        "ext": "",
        "recruiterType": "nurse",
        "city": "Little Rock",
        "state": "AR",
        "visn": "16",
        "stationNumber": "598",
        "sourceSheet": "Smartsheet Gov - VA RN Facility Nurse Recruiter Directory",
        "groupEmail": "littlerocknurse@va.gov",
        "nurseRecruiter": "CATHEY, VICTORIA",
        "role": "RN",
        "consortium": "2-SSNC"
      }
    },
    {
      "type": "Feature",
      "geometry": {
        "type": "Point",
        "coordinates": [
          -92.32059,
          34.74651
        ]
      },
      "properties": {
        "id": "60fa31f7d819ad06c6bd246a66fed669",
        "title": "Central Arkansas Veterans Healthcare System",
        "locationName": "Little Rock, AR",
        "displayName": "Denita Stroud",
        "email": "denita.stroud@va.gov",
        "phoneNumber": "501-257-1748",
        "ext": "",
        "recruiterType": "nurse",
        "city": "Little Rock",
        "state": "AR",
        "visn": "16",
        "stationNumber": "598",
        "sourceSheet": "Smartsheet Gov - VA RN Facility Nurse Recruiter Directory",
        "groupEmail": "littlerocknurse@va.gov",
        "nurseRecruiter": "STROUD, DENITA",
        "role": "RN",
        "consortium": "2-SSNC"
      }
    },
    {
      "type": "Feature",
      "geometry": {
        "type": "Point",
        "coordinates": [
          -92.32059,
          34.74651
        ]
      },
      "properties": {
        "id": "03e62973ec14f36be740f8c37791c9f5",
        "title": "VA Central Arkansas Health Care System (1 of 3)",
        "locationName": "Little Rock, AR",
        "displayName": "Christina Graggs",
        "email": "christina.graggs@va.gov",
        "phoneNumber": "501-909-7523",
        "ext": "",
        "recruiterType": "ppr",
        "city": "Little Rock",
        "state": "AR",
        "visn": "16",
        "sourceSheet": "Smartsheet Gov - PPR Directory"
      }
    },
    {
      "type": "Feature",
      "geometry": {
        "type": "Point",
        "coordinates": [
          -92.32059,
          34.74651
        ]
      },
      "properties": {
        "id": "3400977a7e4b5a8d22ecc1842e75ceb1",
        "title": "VA Central Arkansas Health Care System (2 of 3)",
        "locationName": "Little Rock, AR",
        "displayName": "Michael Legate",
        "email": "michael.legate@va.gov",
        "phoneNumber": "501-246-1898",
        "ext": "",
        "recruiterType": "ppr",
        "city": "Little Rock",
        "state": "AR",
        "visn": "16",
        "sourceSheet": "Smartsheet Gov - PPR Directory"
      }
    },
    {
      "type": "Feature",
      "geometry": {
        "type": "Point",
        "coordinates": [
          -92.32059,
          34.74651
        ]
      },
      "properties": {
        "id": "d9a8d5bad16d27effcc0688eacc8e2a3",
        "title": "VA Central Arkansas Health Care System (3 of 3)",
        "locationName": "Little Rock, AR",
        "displayName": "Ruby Wallace",
        "email": "ruby.wallace@va.gov",
        "phoneNumber": "501-257-7760",
        "ext": "",
        "recruiterType": "ppr",
        "city": "Little Rock",
        "state": "AR",
        "visn": "16",
        "sourceSheet": "Smartsheet Gov - PPR Directory"
      }
    },
    {
      "type": "Feature",
      "geometry": {
        "type": "Point",
        "coordinates": [
          -112.31572,
          34.61002
        ]
      },
      "properties": {
        "id": "1d0346cb46d0b0deba35ffca5ebd4d13",
        "title": "VA Northern Arizona Health Care System",
        "locationName": "Prescott, AZ",
        "displayName": "Timothy Bernau",
        "email": "timothy.bernau@va.gov",
        "phoneNumber": "623-920-1304",
        "ext": "",
        "recruiterType": "ppr",
        "city": "Prescott",
        "state": "AZ",
        "visn": "22",
        "sourceSheet": "Smartsheet Gov - PPR Directory"
      }
    },
    {
      "type": "Feature",
      "geometry": {
        "type": "Point",
        "coordinates": [
          -118.45298,
          34.05298
        ]
      },
      "properties": {
        "id": "9bd7bfc7e70979ad9db3bc7a52bd785a",
        "title": "VA Greater Los Angeles Healthcare System",
        "locationName": "Los Angeles, CA",
        "displayName": "Trish R G Puleo",
        "email": "trisha.puleo@va.gov",
        "phoneNumber": "213-219-2872",
        "ext": "",
        "recruiterType": "nurse",
        "city": "Los Angeles",
        "state": "CA",
        "visn": "22",
        "stationNumber": "691",
        "sourceSheet": "Smartsheet Gov - VA RN Facility Nurse Recruiter Directory",
        "groupEmail": "v22glanurserecruiter@va.gov",
        "nurseRecruiter": "PULEO, TRISH R. G.",
        "role": "RN",
        "consortium": "4-WSNC"
      }
    },
    {
      "type": "Feature",
      "geometry": {
        "type": "Point",
        "coordinates": [
          -118.45298,
          34.05298
        ]
      },
      "properties": {
        "id": "6a80c2e8c902780adb8467213e9cab39",
        "title": "VA Greater Los Angeles Health Care System",
        "locationName": "Los Angeles, CA",
        "displayName": "Lawana Palmer",
        "email": "lawana.palmer@va.gov",
        "phoneNumber": "424-450-5151",
        "ext": "",
        "recruiterType": "ppr",
        "city": "Los Angeles",
        "state": "CA",
        "visn": "22",
        "sourceSheet": "Smartsheet Gov - PPR Directory"
      }
    },
    {
      "type": "Feature",
      "geometry": {
        "type": "Point",
        "coordinates": [
          -117.25007,
          34.05028
        ]
      },
      "properties": {
        "id": "105f4cd2e31d609f2a6b043be3e3192a",
        "title": "VA Loma Linda Healthcare System: Jerry L. Pettis Memorial",
        "locationName": "Loma Linda, CA",
        "displayName": "Jann Mantuano",
        "email": "jann.mantuano@va.gov",
        "phoneNumber": "909-825-7084",
        "ext": "",
        "recruiterType": "nurse",
        "city": "Loma Linda",
        "state": "CA",
        "visn": "22",
        "stationNumber": "605",
        "sourceSheet": "Smartsheet Gov - VA RN Facility Nurse Recruiter Directory",
        "groupEmail": "visn22hrlongbeachsbu@va.gov",
        "nurseRecruiter": "MANTUANO, JANN",
        "role": "RN",
        "consortium": "4-WSNC"
      }
    },
    {
      "type": "Feature",
      "geometry": {
        "type": "Point",
        "coordinates": [
          -117.25007,
          34.05028
        ]
      },
      "properties": {
        "id": "30aef67ee1c13e0b52e7e94e66333f55",
        "title": "VA Loma Linda Health Care System",
        "locationName": "Loma Linda, CA",
        "displayName": "Mike McClafferty",
        "email": "michael.mcclafferty@va.gov",
        "phoneNumber": "909-220-2510",
        "ext": "",
        "recruiterType": "ppr",
        "city": "Loma Linda",
        "state": "CA",
        "visn": "22",
        "sourceSheet": "Smartsheet Gov - PPR Directory"
      }
    },
    {
      "type": "Feature",
      "geometry": {
        "type": "Point",
        "coordinates": [
          -81.0348,
          34.0007
        ]
      },
      "properties": {
        "id": "23c72d72d0004beb9fe3c45003d343b8",
        "title": "VA Columbia South Carolina Health Care System",
        "locationName": "Columbia, SC",
        "displayName": "Mike Owens",
        "email": "michael.owens4@va.gov",
        "phoneNumber": "504-715-1339",
        "ext": "",
        "recruiterType": "ppr",
        "city": "Columbia",
        "state": "SC",
        "visn": "7",
        "sourceSheet": "Smartsheet Gov - PPR Directory"
      }
    },
    {
      "type": "Feature",
      "geometry": {
        "type": "Point",
        "coordinates": [
          -84.31175,
          33.80194
        ]
      },
      "properties": {
        "id": "39105651eb4975f5943f41aba7145ba0",
        "title": "VA Medical Center Atlanta, GA",
        "locationName": "Atlanta, GA",
        "displayName": "Nivia Lindsey",
        "email": "nivia.lindsey@va.gov",
        "phoneNumber": "404-321-6111",
        "ext": "207630",
        "recruiterType": "nurse",
        "city": "Atlanta",
        "state": "GA",
        "visn": "7",
        "stationNumber": "508",
        "sourceSheet": "Smartsheet Gov - VA RN Facility Nurse Recruiter Directory",
        "groupEmail": "vhaatgnurseresumes@va.gov",
        "nurseRecruiter": "LINDSEY, NIVIA",
        "role": "RN",
        "consortium": "2-SSNC"
      }
    },
    {
      "type": "Feature",
      "geometry": {
        "type": "Point",
        "coordinates": [
          -84.31175,
          33.80194
        ]
      },
      "properties": {
        "id": "edbdfc24cf06e14334d945eb1ab9f86b",
        "title": "VA Medical Center Atlanta, GA",
        "locationName": "Atlanta, GA",
        "displayName": "Vacant",
        "email": "vacant",
        "phoneNumber": "",
        "ext": "",
        "recruiterType": "nurse",
        "city": "Atlanta",
        "state": "GA",
        "visn": "7",
        "stationNumber": "508",
        "sourceSheet": "Smartsheet Gov - VA RN Facility Nurse Recruiter Directory",
        "groupEmail": "vhaatgnurseresumes@va.gov",
        "nurseRecruiter": "VACANT",
        "role": "RN"
      }
    },
    {
      "type": "Feature",
      "geometry": {
        "type": "Point",
        "coordinates": [
          -84.31175,
          33.80194
        ]
      },
      "properties": {
        "id": "58130329f990cb206447e2b87b16a007",
        "title": "VA Atlanta Health Care System",
        "locationName": "",
        "displayName": "Hillary Garcia",
        "email": "hillary.garcia@va.gov",
        "phoneNumber": "816-548-8803",
        "ext": "",
        "recruiterType": "ppr",
        "visn": "7",
        "sourceSheet": "Smartsheet Gov - PPR Directory"
      }
    },
    {
      "type": "Feature",
      "geometry": {
        "type": "Point",
        "coordinates": [
          -118.11897,
          33.77644
        ]
      },
      "properties": {
        "id": "3342971bd0b9a86672d5c24aac48ecaa",
        "title": "VA Long Beach Healthcare System",
        "locationName": "Long Beach, CA",
        "displayName": "Vacant",
        "email": "vacant",
        "phoneNumber": "",
        "ext": "",
        "recruiterType": "nurse",
        "city": "Long Beach",
        "state": "CA",
        "visn": "22",
        "sourceSheet": "Smartsheet Gov - VA RN Facility Nurse Recruiter Directory",
        "nurseRecruiter": "VACANT"
      }
    },
    {
      "type": "Feature",
      "geometry": {
        "type": "Point",
        "coordinates": [
          -118.11897,
          33.77644
        ]
      },
      "properties": {
        "id": "b589dad77aece959c5c41f52aa2661a4",
        "title": "VA Long Beach Health Care System (1 of 2)",
        "locationName": "Long Beach, CA",
        "displayName": "Matthew Corrales",
        "email": "matthew.corrales@va.gov",
        "phoneNumber": "505-934-0047",
        "ext": "",
        "recruiterType": "ppr",
        "city": "Long Beach",
        "state": "CA",
        "visn": "22",
        "sourceSheet": "Smartsheet Gov - PPR Directory"
      }
    },
    {
      "type": "Feature",
      "geometry": {
        "type": "Point",
        "coordinates": [
          -118.11897,
          33.77644
        ]
      },
      "properties": {
        "id": "43c21e546b6236afb09774a21ca0059d",
        "title": "VA Long Beach Health Care System (2 of 2)",
        "locationName": "Long Beach, CA",
        "displayName": "Virginia Deutsch",
        "email": "virginia.deutsch@va.gov",
        "phoneNumber": "210-852-6410",
        "ext": "",
        "recruiterType": "ppr",
        "city": "Long Beach",
        "state": "CA",
        "visn": "22",
        "sourceSheet": "Smartsheet Gov - PPR Directory"
      }
    },
    {
      "type": "Feature",
      "geometry": {
        "type": "Point",
        "coordinates": [
          -86.79956,
          33.50266
        ]
      },
      "properties": {
        "id": "1de42de372ca8272051ac1439d105a1b",
        "title": "VA Medical Center Birmingham, AL",
        "locationName": "Birmingham, AL",
        "displayName": "Kyla Higgins",
        "email": "kyla.higgins@va.gov",
        "phoneNumber": "205-933-8101",
        "ext": "336817",
        "recruiterType": "nurse",
        "city": "Birmingham",
        "state": "AL",
        "visn": "7",
        "stationNumber": "521",
        "sourceSheet": "Smartsheet Gov - VA RN Facility Nurse Recruiter Directory",
        "groupEmail": "vhabirpcshiring@va.gov.",
        "nurseRecruiter": "HIGGINS, KYLA",
        "role": "RN",
        "consortium": "2-SSNC"
      }
    },
    {
      "type": "Feature",
      "geometry": {
        "type": "Point",
        "coordinates": [
          -86.79956,
          33.50266
        ]
      },
      "properties": {
        "id": "4f8c6fe4aba344598bc51960e6771889",
        "title": "VA Medical Center Birmingham, AL",
        "locationName": "Birmingham, AL",
        "displayName": "Jaci Hogeland",
        "email": "jaci.hogeland@va.gov",
        "phoneNumber": "205-558-4706",
        "ext": "",
        "recruiterType": "nurse",
        "city": "Birmingham",
        "state": "AL",
        "visn": "7",
        "stationNumber": "521",
        "sourceSheet": "Smartsheet Gov - VA RN Facility Nurse Recruiter Directory",
        "nurseRecruiter": "HOGELAND, JACI",
        "role": "RN",
        "consortium": "2-SSNC"
      }
    },
    {
      "type": "Feature",
      "geometry": {
        "type": "Point",
        "coordinates": [
          -86.79956,
          33.50266
        ]
      },
      "properties": {
        "id": "0cf9102e5471c1fefb97fa04913b058b",
        "title": "VA Birmingham Health Care System",
        "locationName": "Birmingham, AL",
        "displayName": "Mike Owens",
        "email": "michael.owens4@va.gov",
        "phoneNumber": "716-982-1949",
        "ext": "",
        "recruiterType": "ppr",
        "city": "Birmingham",
        "state": "AL",
        "visn": "7",
        "sourceSheet": "Smartsheet Gov - PPR Directory"
      }
    },
    {
      "type": "Feature",
      "geometry": {
        "type": "Point",
        "coordinates": [
          -82.0258,
          33.46775
        ]
      },
      "properties": {
        "id": "3b14d3c2f997a7698a153cbf7df1f8ea",
        "title": "VA Medical Center Augusta, GA",
        "locationName": "Augusta, GA",
        "displayName": "Phoebe M Burda",
        "email": "phoebe.burda@va.gov",
        "phoneNumber": "706-733-0188",
        "ext": "32440",
        "recruiterType": "nurse",
        "city": "Augusta",
        "state": "GA",
        "visn": "7",
        "stationNumber": "509",
        "sourceSheet": "Smartsheet Gov - VA RN Facility Nurse Recruiter Directory",
        "nurseRecruiter": "BURDA,PHOEBE M",
        "role": "RN",
        "consortium": "2-SSNC"
      }
    },
    {
      "type": "Feature",
      "geometry": {
        "type": "Point",
        "coordinates": [
          -82.0258,
          33.46775
        ]
      },
      "properties": {
        "id": "7f2d16b88c4bf5496b8679d435b771b3",
        "title": "VA Augusta Health Care System",
        "locationName": "Augusta, GA",
        "displayName": "Mike Owens",
        "email": "michael.owens4@va.gov",
        "phoneNumber": "504-715-1339",
        "ext": "",
        "recruiterType": "ppr",
        "city": "Augusta",
        "state": "GA",
        "visn": "7",
        "sourceSheet": "Smartsheet Gov - PPR Directory"
      }
    },
    {
      "type": "Feature",
      "geometry": {
        "type": "Point",
        "coordinates": [
          -112.01403,
          33.45272
        ]
      },
      "properties": {
        "id": "77e486166ac63f75aaee03063ca9cd44",
        "title": "Phoenix VA Health Care System",
        "locationName": "Phoenix, AZ",
        "displayName": "Vacant",
        "email": "vacant",
        "phoneNumber": "",
        "ext": "",
        "recruiterType": "nurse",
        "city": "Phoenix",
        "state": "AZ",
        "visn": "22",
        "stationNumber": "644",
        "sourceSheet": "Smartsheet Gov - VA RN Facility Nurse Recruiter Directory",
        "groupEmail": "vhaphonursingrecruitment@va.gov",
        "nurseRecruiter": "VACANT",
        "role": "RN",
        "consortium": "4-WSNC"
      }
    },
    {
      "type": "Feature",
      "geometry": {
        "type": "Point",
        "coordinates": [
          -112.01403,
          33.45272
        ]
      },
      "properties": {
        "id": "2f3f7018d95214f6929084de9b9f1df3",
        "title": "Phoenix VA Health Care System",
        "locationName": "Phoenix, AZ",
        "displayName": "Jacque Cushard",
        "email": "jacqueline.cushard@va.gov",
        "phoneNumber": "602-277-5551",
        "ext": "",
        "recruiterType": "nurse",
        "city": "Phoenix",
        "state": "AZ",
        "visn": "22",
        "stationNumber": "644",
        "sourceSheet": "Smartsheet Gov - VA RN Facility Nurse Recruiter Directory",
        "groupEmail": "vhaphonursingrecruitment@va.gov",
        "nurseRecruiter": "CUSHARD, JACQUE",
        "role": "RN"
      }
    },
    {
      "type": "Feature",
      "geometry": {
        "type": "Point",
        "coordinates": [
          -112.01403,
          33.45272
        ]
      },
      "properties": {
        "id": "1624f82bc08c0a0ffb8126dbbd1136ce",
        "title": "VA Phoenix Health Care System",
        "locationName": "Phoenix, AZ",
        "displayName": "Timothy Bernau",
        "email": "timothy.bernau@va.gov",
        "phoneNumber": "623-920-1304",
        "ext": "",
        "recruiterType": "ppr",
        "city": "Phoenix",
        "state": "AZ",
        "visn": "22",
        "sourceSheet": "Smartsheet Gov - PPR Directory"
      }
    },
    {
      "type": "Feature",
      "geometry": {
        "type": "Point",
        "coordinates": [
          -87.48595,
          33.19129
        ]
      },
      "properties": {
        "id": "e0b6589e6ba35982c8fb23c794a0c17a",
        "title": "VA Medical Center Tuscaloosa, AL",
        "locationName": "Tuscaloosa, AL",
        "displayName": "Vacant",
        "email": "vacant",
        "phoneNumber": "",
        "ext": "4253",
        "recruiterType": "nurse",
        "city": "Tuscaloosa",
        "state": "AL",
        "visn": "7",
        "stationNumber": "679",
        "sourceSheet": "Smartsheet Gov - VA RN Facility Nurse Recruiter Directory",
        "nurseRecruiter": "VACANT",
        "role": "RN",
        "consortium": "2-SSNC"
      }
    },
    {
      "type": "Feature",
      "geometry": {
        "type": "Point",
        "coordinates": [
          -87.48595,
          33.19129
        ]
      },
      "properties": {
        "id": "f127fc835b1293d7c320a89db68bdab4",
        "title": "VA Tuscaloosa Health Care System",
        "locationName": "Tuscaloosa, AL",
        "displayName": "Mike Owens",
        "email": "michael.owens4@va.gov",
        "phoneNumber": "716-982-1949",
        "ext": "",
        "recruiterType": "ppr",
        "city": "Tuscaloosa",
        "state": "AL",
        "visn": "7",
        "sourceSheet": "Smartsheet Gov - PPR Directory"
      }
    },
    {
      "type": "Feature",
      "geometry": {
        "type": "Point",
        "coordinates": [
          -117.23215,
          32.87533
        ]
      },
      "properties": {
        "id": "0de506aee4165313af8a693e48a2fa32",
        "title": "VA San Diego Healthcare System (Jennifer Moreno VAMC)",
        "locationName": "San Diego, CA",
        "displayName": "Deanna Tresnak",
        "email": "deanna.tresnak@va.gov",
        "phoneNumber": "858-642-6320",
        "ext": "",
        "recruiterType": "nurse",
        "city": "San Diego",
        "state": "CA",
        "visn": "22",
        "stationNumber": "664",
        "sourceSheet": "Smartsheet Gov - VA RN Facility Nurse Recruiter Directory",
        "nurseRecruiter": "TRESNAK, DEANNA",
        "consortium": "4-WSNC"
      }
    },
    {
      "type": "Feature",
      "geometry": {
        "type": "Point",
        "coordinates": [
          -117.23215,
          32.87533
        ]
      },
      "properties": {
        "id": "93ff0f4409c9c7fe4133690c491a9707",
        "title": "VA San Diego Health Care System",
        "locationName": "San Diego, CA",
        "displayName": "Mike McClafferty",
        "email": "michael.mcclafferty@va.gov",
        "phoneNumber": "909-220-2510",
        "ext": "",
        "recruiterType": "ppr",
        "city": "San Diego",
        "state": "CA",
        "visn": "22",
        "sourceSheet": "Smartsheet Gov - PPR Directory"
      }
    },
    {
      "type": "Feature",
      "geometry": {
        "type": "Point",
        "coordinates": [
          -79.95414,
          32.78421
        ]
      },
      "properties": {
        "id": "87b3e49be6ba01fb44c8a708f9d188f8",
        "title": "VA Medical Center Charleston, SC: Ralph H. Johnson",
        "locationName": "Charleston, SC",
        "displayName": "Kirstin K Pennington",
        "email": "kirstin.pennington@va.gov",
        "phoneNumber": "843-789-6416",
        "ext": "206416",
        "recruiterType": "nurse",
        "city": "Charleston",
        "state": "SC",
        "visn": "7",
        "stationNumber": "534",
        "sourceSheet": "Smartsheet Gov - VA RN Facility Nurse Recruiter Directory",
        "nurseRecruiter": "PENNINGTON, KIRSTIN K",
        "role": "RN",
        "consortium": "2-SSNC"
      }
    },
    {
      "type": "Feature",
      "geometry": {
        "type": "Point",
        "coordinates": [
          -79.95414,
          32.78421
        ]
      },
      "properties": {
        "id": "c61c1bb5a990b05bb1fbf6808a26c65d",
        "title": "VA Medical Center Charleston, SC: Ralph H. Johnson",
        "locationName": "Charleston, SC",
        "displayName": "Stanisha Vick",
        "email": "stanisha.vick@va.gov",
        "phoneNumber": "843-789-7646",
        "ext": "207646",
        "recruiterType": "nurse",
        "city": "Charleston",
        "state": "SC",
        "visn": "7",
        "stationNumber": "534",
        "sourceSheet": "Smartsheet Gov - VA RN Facility Nurse Recruiter Directory",
        "nurseRecruiter": "VICK, STANISHA",
        "role": "RN",
        "consortium": "2-SSNC"
      }
    },
    {
      "type": "Feature",
      "geometry": {
        "type": "Point",
        "coordinates": [
          -79.95413,
          32.78421
        ]
      },
      "properties": {
        "id": "647d8a6f84a67404394d764bec78c530",
        "title": "VA Charleston Health Care System",
        "locationName": "Charleston, SC",
        "displayName": "Arriana Larmony",
        "email": "arriana.larmony1@va.gov",
        "phoneNumber": "843-467-0720",
        "ext": "",
        "recruiterType": "ppr",
        "city": "Charleston",
        "state": "SC",
        "visn": "7",
        "sourceSheet": "Smartsheet Gov - PPR Directory"
      }
    },
    {
      "type": "Feature",
      "geometry": {
        "type": "Point",
        "coordinates": [
          -96.79106,
          32.69355
        ]
      },
      "properties": {
        "id": "b9342cd6d3233dddab7edccadb046fc7",
        "title": "North Texas Health Care System",
        "locationName": "Dallas, TX",
        "displayName": "Deandrea Billings",
        "email": "deandrea.billings@va.gov",
        "phoneNumber": "682-389-9929",
        "ext": "",
        "recruiterType": "nurse",
        "city": "Dallas",
        "state": "TX",
        "visn": "17",
        "stationNumber": "549",
        "sourceSheet": "Smartsheet Gov - VA RN Facility Nurse Recruiter Directory",
        "nurseRecruiter": "BILLINGS, DEANDREA",
        "role": "RN",
        "consortium": "4-WSNC"
      }
    },
    {
      "type": "Feature",
      "geometry": {
        "type": "Point",
        "coordinates": [
          -96.79106,
          32.69355
        ]
      },
      "properties": {
        "id": "eff995eac1c49a1813a39ebed7860806",
        "title": "North Texas Health Care System",
        "locationName": "Dallas, TX",
        "displayName": "Gorya Brown",
        "email": "gorya.brown@va.gov",
        "phoneNumber": "682-532-0488",
        "ext": "",
        "recruiterType": "nurse",
        "city": "Dallas",
        "state": "TX",
        "visn": "17",
        "stationNumber": "549",
        "sourceSheet": "Smartsheet Gov - VA RN Facility Nurse Recruiter Directory",
        "nurseRecruiter": "BROWN, GORYA",
        "role": "RN",
        "consortium": "4-WSNC"
      }
    },
    {
      "type": "Feature",
      "geometry": {
        "type": "Point",
        "coordinates": [
          -96.79106,
          32.69355
        ]
      },
      "properties": {
        "id": "c55e67c7fcee84929c6af04c3560e4f8",
        "title": "North Texas Health Care System",
        "locationName": "Dallas, TX",
        "displayName": "John Curry",
        "email": "john.curry3@va.gov",
        "phoneNumber": "903-583-1312",
        "ext": "",
        "recruiterType": "nurse",
        "city": "Dallas",
        "state": "TX",
        "visn": "17",
        "stationNumber": "549",
        "sourceSheet": "Smartsheet Gov - VA RN Facility Nurse Recruiter Directory",
        "groupEmail": "ntx118nurserecruiters@va.gov",
        "nurseRecruiter": "CURRY, JOHN",
        "role": "RN",
        "consortium": "4-WSNC"
      }
    },
    {
      "type": "Feature",
      "geometry": {
        "type": "Point",
        "coordinates": [
          -96.79106,
          32.69355
        ]
      },
      "properties": {
        "id": "d2a61ae9b89705dbac054d9a1265be40",
        "title": "North Texas Health Care System",
        "locationName": "Dallas, TX",
        "displayName": "Jessica Gandia Sanchez",
        "email": "jessica.gandia@va.gov",
        "phoneNumber": "214-857-0622",
        "ext": "",
        "recruiterType": "nurse",
        "city": "Dallas",
        "state": "TX",
        "visn": "17",
        "stationNumber": "549",
        "sourceSheet": "Smartsheet Gov - VA RN Facility Nurse Recruiter Directory",
        "groupEmail": "ntx118nurserecruiters@va.gov",
        "nurseRecruiter": "GANDIA SANCHEZ, JESSICA",
        "role": "RN",
        "consortium": "4-WSNC"
      }
    },
    {
      "type": "Feature",
      "geometry": {
        "type": "Point",
        "coordinates": [
          -96.79106,
          32.69355
        ]
      },
      "properties": {
        "id": "3378f1ab50058a4ab1551599f596c471",
        "title": "North Texas Health Care System",
        "locationName": "Dallas, TX",
        "displayName": "Sheniqua S Mathis",
        "email": "sheniquas.mathis@va.gov",
        "phoneNumber": "214-857-2123",
        "ext": "",
        "recruiterType": "nurse",
        "city": "Dallas",
        "state": "TX",
        "visn": "17",
        "stationNumber": "549",
        "sourceSheet": "Smartsheet Gov - VA RN Facility Nurse Recruiter Directory",
        "groupEmail": "ntx118nurserecruiters@va.gov",
        "nurseRecruiter": "MATHIS,SHENIQUA S",
        "role": "RN",
        "consortium": "4-WSNC"
      }
    },
    {
      "type": "Feature",
      "geometry": {
        "type": "Point",
        "coordinates": [
          -96.79106,
          32.69355
        ]
      },
      "properties": {
        "id": "b944891a50bab95ce6017cc9eaa65393",
        "title": "North Texas Health Care System",
        "locationName": "Dallas, TX",
        "displayName": "Ankita J Patel",
        "email": "ankita.patel@va.gov",
        "phoneNumber": "214-857-3064",
        "ext": "",
        "recruiterType": "nurse",
        "city": "Dallas",
        "state": "TX",
        "visn": "17",
        "stationNumber": "549",
        "sourceSheet": "Smartsheet Gov - VA RN Facility Nurse Recruiter Directory",
        "groupEmail": "ntx118nurserecruiters@va.gov",
        "nurseRecruiter": "PATEL,ANKITA J",
        "role": "RN",
        "consortium": "4-WSNC"
      }
    },
    {
      "type": "Feature",
      "geometry": {
        "type": "Point",
        "coordinates": [
          -96.79106,
          32.69355
        ]
      },
      "properties": {
        "id": "af7f4e59af3512bf513979ade47e4e3b",
        "title": "North Texas Health Care System",
        "locationName": "Dallas, TX",
        "displayName": "Beverly S Phenix",
        "email": "beverly.phenix@va.gov",
        "phoneNumber": "214-857-2287",
        "ext": "",
        "recruiterType": "nurse",
        "city": "Dallas",
        "state": "TX",
        "visn": "17",
        "stationNumber": "549",
        "sourceSheet": "Smartsheet Gov - VA RN Facility Nurse Recruiter Directory",
        "groupEmail": "ntx118nurserecruiters@va.gov",
        "nurseRecruiter": "PHENIX,BEVERLY S",
        "role": "RN",
        "consortium": "4-WSNC"
      }
    },
    {
      "type": "Feature",
      "geometry": {
        "type": "Point",
        "coordinates": [
          -96.79106,
          32.69355
        ]
      },
      "properties": {
        "id": "30843d66d3a64b720061aac86ae56f7f",
        "title": "North Texas Health Care System",
        "locationName": "Dallas, TX",
        "displayName": "Lindsay Pryor",
        "email": "lindsay.pryor@va.gov",
        "phoneNumber": "682-389-0099",
        "ext": "",
        "recruiterType": "nurse",
        "city": "Dallas",
        "state": "TX",
        "visn": "17",
        "stationNumber": "549",
        "sourceSheet": "Smartsheet Gov - VA RN Facility Nurse Recruiter Directory",
        "groupEmail": "ntx118nurserecruiters@va.gov",
        "nurseRecruiter": "PRYOR, LINDSAY",
        "role": "RN",
        "consortium": "4-WSNC"
      }
    },
    {
      "type": "Feature",
      "geometry": {
        "type": "Point",
        "coordinates": [
          -96.79106,
          32.69355
        ]
      },
      "properties": {
        "id": "7b4ad0833cfdada5e1e5a802f74a698f",
        "title": "North Texas Health Care System",
        "locationName": "Dallas, TX",
        "displayName": "Kelsey Viscariello",
        "email": "kelsey.viscariello2@va.gov",
        "phoneNumber": "682-364-1877",
        "ext": "",
        "recruiterType": "nurse",
        "city": "Dallas",
        "state": "TX",
        "visn": "17",
        "stationNumber": "549",
        "sourceSheet": "Smartsheet Gov - VA RN Facility Nurse Recruiter Directory",
        "nurseRecruiter": "VISCARIELLO, KELSEY",
        "role": "RN",
        "consortium": "4-WSNC"
      }
    },
    {
      "type": "Feature",
      "geometry": {
        "type": "Point",
        "coordinates": [
          -96.79106,
          32.69355
        ]
      },
      "properties": {
        "id": "667554021e06fc5b86b4c29dcd85bafe",
        "title": "VA North Texas Health Care System",
        "locationName": "Dallas, TX",
        "displayName": "Terry Anderson",
        "email": "terrance.anderson@va.gov",
        "phoneNumber": "832-412-0937",
        "ext": "",
        "recruiterType": "ppr",
        "city": "Dallas",
        "state": "TX",
        "visn": "17",
        "sourceSheet": "Smartsheet Gov - PPR Directory"
      }
    },
    {
      "type": "Feature",
      "geometry": {
        "type": "Point",
        "coordinates": [
          -82.94326,
          32.53649
        ]
      },
      "properties": {
        "id": "13a2a0cce0541fc4fc267bad8b3b14b3",
        "title": "VA Medical Center Dublin, GA: Carl Vinson",
        "locationName": "Dublin, GA",
        "displayName": "Mary (sparks) Allen",
        "email": "mary.allen@va.gov",
        "phoneNumber": "478-272-1210",
        "ext": "2756",
        "recruiterType": "nurse",
        "city": "Dublin",
        "state": "GA",
        "visn": "7",
        "stationNumber": "557",
        "sourceSheet": "Smartsheet Gov - VA RN Facility Nurse Recruiter Directory",
        "nurseRecruiter": "ALLEN, MARY (SPARKS)",
        "role": "RN",
        "consortium": "2-SSNC"
      }
    },
    {
      "type": "Feature",
      "geometry": {
        "type": "Point",
        "coordinates": [
          -82.94326,
          32.53649
        ]
      },
      "properties": {
        "id": "1db316c54c5001252cc1fd09f62e6762",
        "title": "VA Dublin Health Care System",
        "locationName": "Dublin, GA",
        "displayName": "Kevin Buccola",
        "email": "kevin.buccola@va.gov",
        "phoneNumber": "985-634-5315",
        "ext": "",
        "recruiterType": "ppr",
        "city": "Dublin",
        "state": "GA",
        "visn": "7",
        "sourceSheet": "Smartsheet Gov - PPR Directory"
      }
    },
    {
      "type": "Feature",
      "geometry": {
        "type": "Point",
        "coordinates": [
          -93.72137,
          32.5012
        ]
      },
      "properties": {
        "id": "f512461a8566f7a38a346be54fcfff38",
        "title": "VA Medical Center Shreveport, LA: Overton Brooks",
        "locationName": "Shreveport, LA",
        "displayName": "Xavier Wesley",
        "email": "xavier.wesley@va.gov",
        "phoneNumber": "318-221-8411",
        "ext": "7526",
        "recruiterType": "nurse",
        "city": "Shreveport",
        "state": "LA",
        "visn": "16",
        "sourceSheet": "Smartsheet Gov - VA RN Facility Nurse Recruiter Directory",
        "groupEmail": "staff.meth.coordinator",
        "nurseRecruiter": "WESLEY, XAVIER"
      }
    },
    {
      "type": "Feature",
      "geometry": {
        "type": "Point",
        "coordinates": [
          -93.72137,
          32.5012
        ]
      },
      "properties": {
        "id": "5e8da908746f9fdc0da0fb92f263b91f",
        "title": "VA Shreveport Health Care System",
        "locationName": "Shreveport, LA",
        "displayName": "Ashley Jones",
        "email": "ashley.jones27@va.gov",
        "phoneNumber": "318-553-1649",
        "ext": "",
        "recruiterType": "ppr",
        "city": "Shreveport",
        "state": "LA",
        "visn": "16",
        "sourceSheet": "Smartsheet Gov - PPR Directory"
      }
    },
    {
      "type": "Feature",
      "geometry": {
        "type": "Point",
        "coordinates": [
          -86.24378,
          32.37713
        ]
      },
      "properties": {
        "id": "15a1f8c5ded54465e1161360a0b35185",
        "title": "Central Alabama Veterans Health Care System",
        "locationName": "Montgomery, AL",
        "displayName": "April Pierrie-Louis",
        "email": "april.pierre-louis@va.gov",
        "phoneNumber": "334-727-0550",
        "ext": "53410",
        "recruiterType": "nurse",
        "city": "Montgomery",
        "state": "AL",
        "visn": "7",
        "stationNumber": "619",
        "sourceSheet": "Smartsheet Gov - VA RN Facility Nurse Recruiter Directory",
        "nurseRecruiter": "APRIL PIERRIE-LOUIS",
        "role": "RN",
        "consortium": "2-SSNC"
      }
    },
    {
      "type": "Feature",
      "geometry": {
        "type": "Point",
        "coordinates": [
          -86.24378,
          32.37713
        ]
      },
      "properties": {
        "id": "24bbffc85ec37aa2c8da297ca1d84fbf",
        "title": "VA Central Alabama Health Care System",
        "locationName": "Montgomery, AL",
        "displayName": "Kevin Buccola",
        "email": "kevin.buccola@va.gov",
        "phoneNumber": "985-634-5315",
        "ext": "",
        "recruiterType": "ppr",
        "city": "Montgomery",
        "state": "AL",
        "visn": "7",
        "sourceSheet": "Smartsheet Gov - PPR Directory"
      }
    },
    {
      "type": "Feature",
      "geometry": {
        "type": "Point",
        "coordinates": [
          -90.16741,
          32.32822
        ]
      },
      "properties": {
        "id": "fc6b24a563341f8f9abec3b65242dfbe",
        "title": "VA Medical Center Jackson, MS: G.V. (Sonny) Montgomery",
        "locationName": "Jackson, MS",
        "displayName": "Carmeshia Quinn",
        "email": "carmeshia.quinn@va.gov",
        "phoneNumber": "601-362-4471",
        "ext": "55719",
        "recruiterType": "nurse",
        "city": "Jackson",
        "state": "MS",
        "visn": "16",
        "stationNumber": "586",
        "sourceSheet": "Smartsheet Gov - VA RN Facility Nurse Recruiter Directory",
        "nurseRecruiter": "QUINN, CARMESHIA",
        "role": "RN",
        "consortium": "2-SSNC"
      }
    },
    {
      "type": "Feature",
      "geometry": {
        "type": "Point",
        "coordinates": [
          -90.16741,
          32.32822
        ]
      },
      "properties": {
        "id": "5432547d532675e0302d9ad98ae8d054",
        "title": "VA Medical Center Jackson, MS: G.V. (Sonny) Montgomery",
        "locationName": "Jackson, MS",
        "displayName": "Terissa C Stewart",
        "email": "terissa.stewart@va.gov",
        "phoneNumber": "601-362-4471",
        "ext": "54488",
        "recruiterType": "nurse",
        "city": "Jackson",
        "state": "MS",
        "visn": "16",
        "sourceSheet": "Smartsheet Gov - VA RN Facility Nurse Recruiter Directory",
        "nurseRecruiter": "STEWART, TERISSA C.",
        "consortium": "2-SSNC"
      }
    },
    {
      "type": "Feature",
      "geometry": {
        "type": "Point",
        "coordinates": [
          -90.16741,
          32.32822
        ]
      },
      "properties": {
        "id": "125153c71ebe370f3e38d14dcd5054af",
        "title": "VA Jackson Health Care System",
        "locationName": "Jackson, MS",
        "displayName": "Keith Robinson",
        "email": "keith.robinson4@va.gov",
        "phoneNumber": "601-699-2753",
        "ext": "",
        "recruiterType": "ppr",
        "city": "Jackson",
        "state": "MS",
        "visn": "16",
        "sourceSheet": "Smartsheet Gov - PPR Directory"
      }
    },
    {
      "type": "Feature",
      "geometry": {
        "type": "Point",
        "coordinates": [
          -101.47269,
          32.23115
        ]
      },
      "properties": {
        "id": "8e9bf407c4dbbb83e18a4b501399789a",
        "title": "West Texas VA Health Care System",
        "locationName": "Big Spring, TX",
        "displayName": "Cynthia Schaffner",
        "email": "cynthia.schaffner@va.gov",
        "phoneNumber": "432-268-2501",
        "ext": "",
        "recruiterType": "nurse",
        "city": "Big Spring",
        "state": "TX",
        "visn": "17",
        "stationNumber": "519",
        "sourceSheet": "Smartsheet Gov - VA RN Facility Nurse Recruiter Directory",
        "nurseRecruiter": "SCHAFFNER, CYNTHIA",
        "role": "RN",
        "consortium": "4-WSNC"
      }
    },
    {
      "type": "Feature",
      "geometry": {
        "type": "Point",
        "coordinates": [
          -101.47269,
          32.23115
        ]
      },
      "properties": {
        "id": "592cbe92fed3ec4df7c53a758f29dc53",
        "title": "VA West Texas Health Care System",
        "locationName": "Big Spring, TX",
        "displayName": "Rachel Ortega",
        "email": "rachel.ortega@va.gov",
        "phoneNumber": "432-214-6933",
        "ext": "",
        "recruiterType": "ppr",
        "city": "Big Spring",
        "state": "TX",
        "visn": "17",
        "sourceSheet": "Smartsheet Gov - PPR Directory"
      }
    },
    {
      "type": "Feature",
      "geometry": {
        "type": "Point",
        "coordinates": [
          -110.96456,
          32.18127
        ]
      },
      "properties": {
        "id": "ee93410cbc7ddded0cc5a48dfd043f70",
        "title": "Southern Arizona VA Healthcare System",
        "locationName": "Tucson, AZ",
        "displayName": "Barbara O'Connor",
        "email": "barbara.oconnor@va.gov",
        "phoneNumber": "520-629-1781",
        "ext": "",
        "recruiterType": "nurse",
        "city": "Tucson",
        "state": "AZ",
        "visn": "22",
        "stationNumber": "678",
        "sourceSheet": "Smartsheet Gov - VA RN Facility Nurse Recruiter Directory",
        "nurseRecruiter": "O'CONNOR, BARBARA",
        "role": "RN",
        "consortium": "4-WSNC"
      }
    },
    {
      "type": "Feature",
      "geometry": {
        "type": "Point",
        "coordinates": [
          -110.96456,
          32.18127
        ]
      },
      "properties": {
        "id": "fead48d233330cb59d543a37cd029469",
        "title": "VA Southern Arizona Health Care System",
        "locationName": "Tucson, AZ",
        "displayName": "Virginia Deutsch",
        "email": "virginia.deutsch@va.gov",
        "phoneNumber": "210-852-6410",
        "ext": "",
        "recruiterType": "ppr",
        "city": "Tucson",
        "state": "AZ",
        "visn": "22",
        "sourceSheet": "Smartsheet Gov - PPR Directory"
      }
    },
    {
      "type": "Feature",
      "geometry": {
        "type": "Point",
        "coordinates": [
          -106.46247,
          31.82042
        ]
      },
      "properties": {
        "id": "0810e4cc65c042003586914cba62ccec",
        "title": "El Paso VA Health Care System",
        "locationName": "El Paso, TX",
        "displayName": "Kristi L Green",
        "email": "kristi.green@va.gov",
        "phoneNumber": "915-297-2784",
        "ext": "",
        "recruiterType": "nurse",
        "city": "El Paso",
        "state": "TX",
        "visn": "17",
        "stationNumber": "756",
        "sourceSheet": "Smartsheet Gov - VA RN Facility Nurse Recruiter Directory",
        "nurseRecruiter": "GREEN, KRISTI L.",
        "role": "RN",
        "consortium": "4-WSNC"
      }
    },
    {
      "type": "Feature",
      "geometry": {
        "type": "Point",
        "coordinates": [
          -106.46247,
          31.82042
        ]
      },
      "properties": {
        "id": "001348a35a38f0207212e4598e264540",
        "title": "VA El Paso Health Care System",
        "locationName": "El Paso, TX",
        "displayName": "Terrance Hoard",
        "email": "terrence.hoard@va.gov",
        "phoneNumber": "915-564-6100",
        "ext": "7057",
        "recruiterType": "ppr",
        "city": "El Paso",
        "state": "TX",
        "visn": "17",
        "sourceSheet": "Smartsheet Gov - PPR Directory"
      }
    },
    {
      "type": "Feature",
      "geometry": {
        "type": "Point",
        "coordinates": [
          -92.43772,
          31.35515
        ]
      },
      "properties": {
        "id": "474838d4e1ce8be5ff318c5cf554bda6",
        "title": "VA Medical Center Alexandria, LA",
        "locationName": "Alexandria, LA",
        "displayName": "Laura Cearley",
        "email": "laura.cearley@va.gov",
        "phoneNumber": "318-473-0010",
        "ext": "4558",
        "recruiterType": "nurse",
        "city": "Alexandria",
        "state": "LA",
        "visn": "16",
        "stationNumber": "502",
        "sourceSheet": "Smartsheet Gov - VA RN Facility Nurse Recruiter Directory",
        "nurseRecruiter": "CEARLEY, LAURA",
        "role": "RN",
        "consortium": "2-SSNC"
      }
    },
    {
      "type": "Feature",
      "geometry": {
        "type": "Point",
        "coordinates": [
          -92.43772,
          31.35515
        ]
      },
      "properties": {
        "id": "5bcde4ab052d8b9bc73aface16e1dcfb",
        "title": "VA Alexandria Health Care System",
        "locationName": "Alexandria, LA",
        "displayName": "Krysta Earhart",
        "email": "krysta.earhart@va.gov",
        "phoneNumber": "318-625-9408",
        "ext": "",
        "recruiterType": "ppr",
        "city": "Alexandria",
        "state": "LA",
        "visn": "16",
        "sourceSheet": "Smartsheet Gov - PPR Directory"
      }
    },
    {
      "type": "Feature",
      "geometry": {
        "type": "Point",
        "coordinates": [
          -97.39643,
          31.0865
        ]
      },
      "properties": {
        "id": "cc7da4c32834b775fe45b01aa499d326",
        "title": "Central Texas Veterans Health System",
        "locationName": "Temple, TX",
        "displayName": "Vacant",
        "email": "vacant",
        "phoneNumber": "",
        "ext": "",
        "recruiterType": "nurse",
        "city": "Temple",
        "state": "TX",
        "visn": "17",
        "stationNumber": "674",
        "sourceSheet": "Smartsheet Gov - VA RN Facility Nurse Recruiter Directory",
        "groupEmail": "ctxnursingrecruitmentretention@va.gov",
        "nurseRecruiter": "VACANT",
        "role": "RN",
        "consortium": "4-WSNC"
      }
    },
    {
      "type": "Feature",
      "geometry": {
        "type": "Point",
        "coordinates": [
          -97.39643,
          31.0865
        ]
      },
      "properties": {
        "id": "b72491639fd8198a32ab23763a733b5c",
        "title": "Central Texas Veterans Health System",
        "locationName": "Temple, TX",
        "displayName": "Traci D Taylor",
        "email": "traci.taylor3@va.gov",
        "phoneNumber": "254-260-6056",
        "ext": "",
        "recruiterType": "nurse",
        "city": "Temple",
        "state": "TX",
        "visn": "17",
        "stationNumber": "674",
        "sourceSheet": "Smartsheet Gov - VA RN Facility Nurse Recruiter Directory",
        "groupEmail": "ctxnursingrecruitmentretention@va.gov",
        "nurseRecruiter": "TAYLOR, TRACI D",
        "role": "RN",
        "consortium": "4-WSNC"
      }
    },
    {
      "type": "Feature",
      "geometry": {
        "type": "Point",
        "coordinates": [
          -97.39643,
          31.0865
        ]
      },
      "properties": {
        "id": "4a4e71affb61c137e71448d8d4600ffa",
        "title": "Central Texas Veterans Health System",
        "locationName": "Temple, TX",
        "displayName": "Vacant",
        "email": "vacant",
        "phoneNumber": "",
        "ext": "",
        "recruiterType": "nurse",
        "city": "Temple",
        "state": "TX",
        "visn": "17",
        "stationNumber": "674",
        "sourceSheet": "Smartsheet Gov - VA RN Facility Nurse Recruiter Directory",
        "groupEmail": "ctxnursingrecruitmentretention@va.gov",
        "nurseRecruiter": "VACANT",
        "role": "RN",
        "consortium": "4-WSNC"
      }
    },
    {
      "type": "Feature",
      "geometry": {
        "type": "Point",
        "coordinates": [
          -97.39643,
          31.0865
        ]
      },
      "properties": {
        "id": "7d0e42c09d8bc2d9740c5bb2aefd0d5c",
        "title": "VA Central Texas Health Care System",
        "locationName": "Temple, TX",
        "displayName": "Corina Sanchez",
        "email": "corina.sanchez@va.gov",
        "phoneNumber": "254-727-0952",
        "ext": "",
        "recruiterType": "ppr",
        "city": "Temple",
        "state": "TX",
        "visn": "17",
        "sourceSheet": "Smartsheet Gov - PPR Directory"
      }
    },
    {
      "type": "Feature",
      "geometry": {
        "type": "Point",
        "coordinates": [
          -88.94231,
          30.41507
        ]
      },
      "properties": {
        "id": "d21a48e5ff82b3366257e84336f8da76",
        "title": "VA Gulf Coast Veterans Health Care System",
        "locationName": "Biloxi, MS",
        "displayName": "Shelby Madere",
        "email": "shelby.madere@va.gov",
        "phoneNumber": "228-523-4643",
        "ext": "",
        "recruiterType": "nurse",
        "city": "Biloxi",
        "state": "MS",
        "visn": "16",
        "stationNumber": "520",
        "sourceSheet": "Smartsheet Gov - VA RN Facility Nurse Recruiter Directory",
        "nurseRecruiter": "MADERE, SHELBY",
        "role": "RN",
        "consortium": "2-SSNC"
      }
    },
    {
      "type": "Feature",
      "geometry": {
        "type": "Point",
        "coordinates": [
          -88.94231,
          30.41507
        ]
      },
      "properties": {
        "id": "c3b95ffa8fd5f97e7da43d65cf550f3f",
        "title": "VA Gulf Coast Veterans Health Care System",
        "locationName": "Biloxi, MS",
        "displayName": "Courtney S Nguyen",
        "email": "courtney.sutton@va.gov",
        "phoneNumber": "228-523-8353",
        "ext": "",
        "recruiterType": "nurse",
        "city": "Biloxi",
        "state": "MS",
        "visn": "16",
        "stationNumber": "520",
        "sourceSheet": "Smartsheet Gov - VA RN Facility Nurse Recruiter Directory",
        "nurseRecruiter": "NGUYEN, COURTNEY S",
        "role": "RN",
        "consortium": "2-SSNC"
      }
    },
    {
      "type": "Feature",
      "geometry": {
        "type": "Point",
        "coordinates": [
          -88.94231,
          30.41507
        ]
      },
      "properties": {
        "id": "2b557ad7288a1f7fe9777f35614e1ee6",
        "title": "VA Gulf Coast Health Care System",
        "locationName": "Biloxi, MS",
        "displayName": "Matt Bittenbender",
        "email": "matthew.bittenbender@va.gov",
        "phoneNumber": "228-341-4786",
        "ext": "",
        "recruiterType": "ppr",
        "city": "Biloxi",
        "state": "MS",
        "visn": "16",
        "sourceSheet": "Smartsheet Gov - PPR Directory"
      }
    },
    {
      "type": "Feature",
      "geometry": {
        "type": "Point",
        "coordinates": [
          -90.08467,
          29.96183
        ]
      },
      "properties": {
        "id": "0f767687bfc3f32c520518b3bcf36caf",
        "title": "Southeast Louisiana Veterans Health Care System, New Orleans, LA",
        "locationName": "New Orleans, LA",
        "displayName": "Nikki Ledoux",
        "email": "nikki.ledoux@va.gov",
        "phoneNumber": "504-507-7651",
        "ext": "",
        "recruiterType": "nurse",
        "city": "New Orleans",
        "state": "LA",
        "visn": "16",
        "stationNumber": "629",
        "sourceSheet": "Smartsheet Gov - VA RN Facility Nurse Recruiter Directory",
        "nurseRecruiter": "LEDOUX, NIKKI",
        "role": "RN",
        "consortium": "2-SSNC"
      }
    },
    {
      "type": "Feature",
      "geometry": {
        "type": "Point",
        "coordinates": [
          -90.08467,
          29.96183
        ]
      },
      "properties": {
        "id": "8babff792ae865a7463e8add7403f708",
        "title": "VA Southeast Louisiana Health Care System",
        "locationName": "New Orleans, LA",
        "displayName": "Krysta Earhart",
        "email": "krysta.earhart@va.gov",
        "phoneNumber": "318-625-9408",
        "ext": "",
        "recruiterType": "ppr",
        "city": "New Orleans",
        "state": "LA",
        "visn": "16",
        "sourceSheet": "Smartsheet Gov - PPR Directory"
      }
    },
    {
      "type": "Feature",
      "geometry": {
        "type": "Point",
        "coordinates": [
          -95.38882,
          29.69999
        ]
      },
      "properties": {
        "id": "96cf73dccd63f31f87c203e06c742693",
        "title": "VA Medical Center Houston, TX: Michael E. DeBakey",
        "locationName": "Houston, TX",
        "displayName": "Asmin R Brown",
        "email": "asmin.brown@va.gov",
        "phoneNumber": "713-791-1414",
        "ext": "23466",
        "recruiterType": "nurse",
        "city": "Houston",
        "state": "TX",
        "visn": "16",
        "stationNumber": "580",
        "sourceSheet": "Smartsheet Gov - VA RN Facility Nurse Recruiter Directory",
        "groupEmail": "vhahounurserecruiter@va.gov",
        "nurseRecruiter": "BROWN, ASMIN R.",
        "role": "RN",
        "consortium": "2-SSNC"
      }
    },
    {
      "type": "Feature",
      "geometry": {
        "type": "Point",
        "coordinates": [
          -95.38882,
          29.69999
        ]
      },
      "properties": {
        "id": "6c0d6a181557a823fd977945dd031e54",
        "title": "VA Medical Center Houston, TX: Michael E. DeBakey",
        "locationName": "Houston, TX",
        "displayName": "Sybill Sheffield",
        "email": "sybill.sheffield@va.gov",
        "phoneNumber": "713-791-1414",
        "ext": "24098",
        "recruiterType": "nurse",
        "city": "Houston",
        "state": "TX",
        "visn": "16",
        "stationNumber": "580",
        "sourceSheet": "Smartsheet Gov - VA RN Facility Nurse Recruiter Directory",
        "groupEmail": "vhahounurserecruiter@va.gov",
        "nurseRecruiter": "SHEFFIELD, SYBILL",
        "role": "RN",
        "consortium": "2-SSNC"
      }
    },
    {
      "type": "Feature",
      "geometry": {
        "type": "Point",
        "coordinates": [
          -95.38882,
          29.69999
        ]
      },
      "properties": {
        "id": "1160cf6982e7c4d29743ca0232576783",
        "title": "VA Houston Health Care System (1 of 3)",
        "locationName": "Houston, TX",
        "displayName": "Yvette Jackson",
        "email": "yvette.jackson@va.gov",
        "phoneNumber": "832-352-0859",
        "ext": "",
        "recruiterType": "ppr",
        "city": "Houston",
        "state": "TX",
        "visn": "16",
        "sourceSheet": "Smartsheet Gov - PPR Directory"
      }
    },
    {
      "type": "Feature",
      "geometry": {
        "type": "Point",
        "coordinates": [
          -95.38882,
          29.69999
        ]
      },
      "properties": {
        "id": "0dd5be23ac023537bdc9f2688114db60",
        "title": "VA Houston Health Care System (2 of 3)",
        "locationName": "Houston, TX",
        "displayName": "Adrian Wright",
        "email": "adrian.wright@va.gov",
        "phoneNumber": "832-524-8946",
        "ext": "",
        "recruiterType": "ppr",
        "city": "Houston",
        "state": "TX",
        "visn": "16",
        "sourceSheet": "Smartsheet Gov - PPR Directory"
      }
    },
    {
      "type": "Feature",
      "geometry": {
        "type": "Point",
        "coordinates": [
          -95.38882,
          29.69999
        ]
      },
      "properties": {
        "id": "b3d5e204eb092397d7c369af6e3b1af3",
        "title": "VA Houston Health Care System (3 of 3)",
        "locationName": "Houston, TX",
        "displayName": "Roberta Ellis",
        "email": "roberta.ellis@va.gov",
        "phoneNumber": "713-265-8853",
        "ext": "",
        "recruiterType": "ppr",
        "city": "Houston",
        "state": "TX",
        "visn": "16",
        "sourceSheet": "Smartsheet Gov - PPR Directory"
      }
    },
    {
      "type": "Feature",
      "geometry": {
        "type": "Point",
        "coordinates": [
          -82.36921,
          29.60327
        ]
      },
      "properties": {
        "id": "61fd82b5124929f57513451be1db6c05",
        "title": "North Florida-South Georgia Veterans Health System",
        "locationName": "Gainesville, FL",
        "displayName": "Barbara Minor",
        "email": "barbara.minor@va.gov",
        "phoneNumber": "352-548-6000",
        "ext": "",
        "recruiterType": "nurse",
        "city": "Gainesville",
        "state": "FL",
        "visn": "8",
        "sourceSheet": "Smartsheet Gov - VA RN Facility Nurse Recruiter Directory",
        "groupEmail": "nfsgnursingcareers@va.gov",
        "nurseRecruiter": "MINOR, BARBARA"
      }
    },
    {
      "type": "Feature",
      "geometry": {
        "type": "Point",
        "coordinates": [
          -82.36921,
          29.60327
        ]
      },
      "properties": {
        "id": "187bc5b1f0be3f3f42743ae9f27db4bc",
        "title": "North Florida-South Georgia Veterans Health System",
        "locationName": "Gainesville, FL",
        "displayName": "Diana Simon",
        "email": "diana.simon@va.gov",
        "phoneNumber": "352-548-6000",
        "ext": "411768",
        "recruiterType": "nurse",
        "city": "Gainesville",
        "state": "FL",
        "visn": "8",
        "stationNumber": "573",
        "sourceSheet": "Smartsheet Gov - VA RN Facility Nurse Recruiter Directory",
        "groupEmail": "nfsgnursingcareers@va.gov",
        "nurseRecruiter": "SIMON, DIANA",
        "role": "RN",
        "consortium": "2-SSNC"
      }
    },
    {
      "type": "Feature",
      "geometry": {
        "type": "Point",
        "coordinates": [
          -82.36921,
          29.60327
        ]
      },
      "properties": {
        "id": "e8cdf30a0b50442f04ad556aa5481df7",
        "title": "VA North Florida/South Georgia Health Care System",
        "locationName": "Gainesville, FL",
        "displayName": "JP Pryan",
        "email": "james.pryan@va.gov",
        "phoneNumber": "785-221-0838",
        "ext": "",
        "recruiterType": "ppr",
        "city": "Gainesville",
        "state": "FL",
        "visn": "8",
        "sourceSheet": "Smartsheet Gov - PPR Directory"
      }
    },
    {
      "type": "Feature",
      "geometry": {
        "type": "Point",
        "coordinates": [
          -98.58041,
          29.50632
        ]
      },
      "properties": {
        "id": "127b5d1e3333744621ea8c082442910c",
        "title": "South Texas Veterans Health Care System, San Antonio, TX",
        "locationName": "San Antonio, TX",
        "displayName": "Barbara Hale",
        "email": "barbara.hale@va.gov",
        "phoneNumber": "210-365-6083",
        "ext": "",
        "recruiterType": "nurse",
        "city": "San Antonio",
        "state": "TX",
        "visn": "17",
        "stationNumber": "671",
        "sourceSheet": "Smartsheet Gov - VA RN Facility Nurse Recruiter Directory",
        "groupEmail": "vhastxnurserecruiters@va.gov",
        "nurseRecruiter": "HALE, BARBARA",
        "role": "RN",
        "consortium": "4-WSNC"
      }
    },
    {
      "type": "Feature",
      "geometry": {
        "type": "Point",
        "coordinates": [
          -98.58041,
          29.50632
        ]
      },
      "properties": {
        "id": "009098de363474eaa4f47a0e67ff272c",
        "title": "VA South Texas Health Care System",
        "locationName": "San Antonio, TX",
        "displayName": "Craig Rickaway",
        "email": "craig.rickaway@va.gov",
        "phoneNumber": "361-243-5560",
        "ext": "",
        "recruiterType": "ppr",
        "city": "San Antonio",
        "state": "TX",
        "visn": "17",
        "sourceSheet": "Smartsheet Gov - PPR Directory"
      }
    },
    {
      "type": "Feature",
      "geometry": {
        "type": "Point",
        "coordinates": [
          -81.27458,
          28.36507
        ]
      },
      "properties": {
        "id": "411b790bb69b3d85ed91767ee1ec74a0",
        "title": "VA Medical Center Orlando, FL",
        "locationName": "Orlando, FL",
        "displayName": "Rebecca Coty",
        "email": "rebecca.coty@va.gov",
        "phoneNumber": "407-631-4785",
        "ext": "",
        "recruiterType": "nurse",
        "city": "Orlando",
        "state": "FL",
        "visn": "8",
        "stationNumber": "675",
        "sourceSheet": "Smartsheet Gov - VA RN Facility Nurse Recruiter Directory",
        "groupEmail": "orlandovanursingcareers@va.gov",
        "nurseRecruiter": "COTY, REBECCA",
        "role": "RN",
        "consortium": "2-SSNC"
      }
    },
    {
      "type": "Feature",
      "geometry": {
        "type": "Point",
        "coordinates": [
          -81.27458,
          28.36507
        ]
      },
      "properties": {
        "id": "0aeb729d1e5b5256d999707f564a5c29",
        "title": "VA Medical Center Orlando, FL",
        "locationName": "Orlando, FL",
        "displayName": "Katrina Mclean",
        "email": "katrina.mclean@va.gov",
        "phoneNumber": "407-793-7993",
        "ext": "",
        "recruiterType": "nurse",
        "city": "Orlando",
        "state": "FL",
        "visn": "8",
        "stationNumber": "675",
        "sourceSheet": "Smartsheet Gov - VA RN Facility Nurse Recruiter Directory",
        "groupEmail": "orlandovanursingcareers@va.gov",
        "nurseRecruiter": "MCLEAN, KATRINA",
        "role": "RN",
        "consortium": "2-SSNC"
      }
    },
    {
      "type": "Feature",
      "geometry": {
        "type": "Point",
        "coordinates": [
          -81.27458,
          28.36507
        ]
      },
      "properties": {
        "id": "240aaa334b0eba725ac898895f732588",
        "title": "VA Medical Center Orlando, FL",
        "locationName": "Orlando, FL",
        "displayName": "Christina Yeazel",
        "email": "christina.yeazel@va.gov",
        "phoneNumber": "407-631-4781",
        "ext": "",
        "recruiterType": "nurse",
        "city": "Orlando",
        "state": "FL",
        "visn": "8",
        "stationNumber": "675",
        "sourceSheet": "Smartsheet Gov - VA RN Facility Nurse Recruiter Directory",
        "groupEmail": "orlandovanursingcareers@va.gov",
        "nurseRecruiter": "YEAZEL, CHRISTINA",
        "role": "RN",
        "consortium": "2-SSNC"
      }
    },
    {
      "type": "Feature",
      "geometry": {
        "type": "Point",
        "coordinates": [
          -81.27458,
          28.36507
        ]
      },
      "properties": {
        "id": "50a71fa83365cc9027d1e4331bcc2719",
        "title": "VA Orlando Health Care System",
        "locationName": "Orlando, FL",
        "displayName": "Ina Ortiz Nieves",
        "email": "ina.ortiznieves@va.gov",
        "phoneNumber": "407-450-2532",
        "ext": "",
        "recruiterType": "ppr",
        "city": "Orlando",
        "state": "FL",
        "visn": "8",
        "sourceSheet": "Smartsheet Gov - PPR Directory"
      }
    },
    {
      "type": "Feature",
      "geometry": {
        "type": "Point",
        "coordinates": [
          -82.42955,
          28.06443
        ]
      },
      "properties": {
        "id": "fd4746e0bc5b385389e490d0262a9914",
        "title": "VA Medical Center Tampa, FL: James A. Haley",
        "locationName": "Tampa, FL",
        "displayName": "Kristen L Leili",
        "email": "kristen.leili@va.gov",
        "phoneNumber": "813-972-2000",
        "ext": "",
        "recruiterType": "nurse",
        "city": "Tampa",
        "state": "FL",
        "visn": "8",
        "stationNumber": "673",
        "sourceSheet": "Smartsheet Gov - VA RN Facility Nurse Recruiter Directory",
        "groupEmail": "tampanursingcareers@va.gov",
        "nurseRecruiter": "LEILI, KRISTEN L.",
        "role": "RN",
        "consortium": "2-SSNC"
      }
    },
    {
      "type": "Feature",
      "geometry": {
        "type": "Point",
        "coordinates": [
          -82.42955,
          28.06443
        ]
      },
      "properties": {
        "id": "010ad578a49ea3378acfbfc3e2b14a88",
        "title": "VA Medical Center Tampa, FL: James A. Haley",
        "locationName": "Tampa, FL",
        "displayName": "Tracy Williams",
        "email": "tracy.williams9@va.gov",
        "phoneNumber": "720-857-5683",
        "ext": "",
        "recruiterType": "nurse",
        "city": "Tampa",
        "state": "FL",
        "sourceSheet": "Smartsheet Gov - VA RN Facility Nurse Recruiter Directory",
        "nurseRecruiter": "WILLIAMS, TRACY"
      }
    },
    {
      "type": "Feature",
      "geometry": {
        "type": "Point",
        "coordinates": [
          -82.42955,
          28.06443
        ]
      },
      "properties": {
        "id": "a433fe80409bc87fd41a008d4050b58f",
        "title": "VA Tampa Health Care System",
        "locationName": "Tampa, FL",
        "displayName": "Andre Parker",
        "email": "o'shaman.parker@va.gov",
        "phoneNumber": "813-380-6475",
        "ext": "",
        "recruiterType": "ppr",
        "city": "Tampa",
        "state": "FL",
        "visn": "8",
        "sourceSheet": "Smartsheet Gov - PPR Directory"
      }
    },
    {
      "type": "Feature",
      "geometry": {
        "type": "Point",
        "coordinates": [
          -82.77547,
          27.80869
        ]
      },
      "properties": {
        "id": "d2eb271952f4f099c8dd76ff2f4e3ef5",
        "title": "VA Medical Center Bay Pines, FL",
        "locationName": "Bay Pines, FL",
        "displayName": "Susan Amerman",
        "email": "susan.amerman@va.gov",
        "phoneNumber": "727-262-9610",
        "ext": "",
        "recruiterType": "nurse",
        "city": "Bay Pines",
        "state": "FL",
        "visn": "8",
        "stationNumber": "516",
        "sourceSheet": "Smartsheet Gov - VA RN Facility Nurse Recruiter Directory",
        "groupEmail": "baypinesnurserecruiter@va.gov",
        "nurseRecruiter": "AMERMAN, SUSAN",
        "role": "RN",
        "consortium": "2-SSNC"
      }
    },
    {
      "type": "Feature",
      "geometry": {
        "type": "Point",
        "coordinates": [
          -82.77547,
          27.80869
        ]
      },
      "properties": {
        "id": "0b119b4c358c654cc18c01114c37dbd0",
        "title": "VA Medical Center Bay Pines, FL",
        "locationName": "Bay Pines, FL",
        "displayName": "Adrian L Griffin",
        "email": "adrian.griffin@va.gov",
        "phoneNumber": "727-398-6117",
        "ext": "10619",
        "recruiterType": "nurse",
        "city": "Bay Pines",
        "state": "FL",
        "visn": "8",
        "stationNumber": "516",
        "sourceSheet": "Smartsheet Gov - VA RN Facility Nurse Recruiter Directory",
        "groupEmail": "baypinesnurserecruiter@va.gov",
        "nurseRecruiter": "GRIFFIN,ADRIAN L",
        "role": "RN",
        "consortium": "2-SSNC"
      }
    },
    {
      "type": "Feature",
      "geometry": {
        "type": "Point",
        "coordinates": [
          -82.77547,
          27.80869
        ]
      },
      "properties": {
        "id": "d217231354da659b84a0e53d08eea536",
        "title": "VA Bay Pines Health Care System",
        "locationName": "Bay Pines, FL",
        "displayName": "Faozia Mourad",
        "email": "faozia.mourad@va.gov",
        "phoneNumber": "727-496-0976",
        "ext": "",
        "recruiterType": "ppr",
        "city": "Bay Pines",
        "state": "FL",
        "visn": "8",
        "sourceSheet": "Smartsheet Gov - PPR Directory"
      }
    },
    {
      "type": "Feature",
      "geometry": {
        "type": "Point",
        "coordinates": [
          -80.11302,
          26.78679
        ]
      },
      "properties": {
        "id": "68fc17a48cf23ea00710fd3253e2f268",
        "title": "VA Medical Center West Palm Beach, FL",
        "locationName": "West Palm Beach, FL",
        "displayName": "Peaches Clarke",
        "email": "peaches.clarke@va.gov",
        "phoneNumber": "561-484-4985",
        "ext": "",
        "recruiterType": "nurse",
        "city": "West Palm Beach",
        "state": "FL",
        "visn": "8",
        "stationNumber": "548",
        "sourceSheet": "Smartsheet Gov - VA RN Facility Nurse Recruiter Directory",
        "nurseRecruiter": "CLARKE, PEACHES",
        "role": "RN",
        "consortium": "2-SSNC"
      }
    },
    {
      "type": "Feature",
      "geometry": {
        "type": "Point",
        "coordinates": [
          -80.11302,
          26.78679
        ]
      },
      "properties": {
        "id": "949e43b740c562a357bba2da66fd4669",
        "title": "VA Medical Center West Palm Beach, FL",
        "locationName": "West Palm Beach, FL",
        "displayName": "Keri Taylor",
        "email": "keri.taylor@va.gov",
        "phoneNumber": "561-887-1977",
        "ext": "2254",
        "recruiterType": "nurse",
        "city": "West Palm Beach",
        "state": "FL",
        "visn": "8",
        "stationNumber": "548",
        "sourceSheet": "Smartsheet Gov - VA RN Facility Nurse Recruiter Directory",
        "groupEmail": "vhaatgnurseresumes@va.gov",
        "nurseRecruiter": "TAYLOR, KERI",
        "role": "RN",
        "consortium": "2-SSNC"
      }
    },
    {
      "type": "Feature",
      "geometry": {
        "type": "Point",
        "coordinates": [
          -80.11302,
          26.78679
        ]
      },
      "properties": {
        "id": "ae800482669bd1ff44e3c24c7047d7a7",
        "title": "VA West Palm Beach Health Care System",
        "locationName": "West Palm Beach, FL",
        "displayName": "Terry Anderson",
        "email": "terrance.anderson@va.gov",
        "phoneNumber": "832-412-0937",
        "ext": "",
        "recruiterType": "ppr",
        "city": "West Palm Beach",
        "state": "FL",
        "visn": "8",
        "sourceSheet": "Smartsheet Gov - PPR Directory"
      }
    },
    {
      "type": "Feature",
      "geometry": {
        "type": "Point",
        "coordinates": [
          -97.66718,
          26.17099
        ]
      },
      "properties": {
        "id": "0799ec4ae684cd5d829e391ec0af0fa9",
        "title": "VA Texas Valley Coastal Bend Health Care System",
        "locationName": "Harlingen, TX",
        "displayName": "Oren Trevino",
        "email": "oren.trevino@va.gov",
        "phoneNumber": "956-430-9317",
        "ext": "63917",
        "recruiterType": "nurse",
        "city": "Harlingen",
        "state": "TX",
        "visn": "17",
        "stationNumber": "740",
        "sourceSheet": "Smartsheet Gov - VA RN Facility Nurse Recruiter Directory",
        "nurseRecruiter": "TREVINO, OREN",
        "role": "RN",
        "consortium": "4-WSNC"
      }
    },
    {
      "type": "Feature",
      "geometry": {
        "type": "Point",
        "coordinates": [
          -97.66718,
          26.17099
        ]
      },
      "properties": {
        "id": "e8f23a769cb8ad37eed9fae5b99de33a",
        "title": "VA Texas Valley Health Care System",
        "locationName": "Harlingen, TX",
        "displayName": "James Core",
        "email": "james.core1@va.gov",
        "phoneNumber": "956-291-9338",
        "ext": "69338",
        "recruiterType": "ppr",
        "city": "Harlingen",
        "state": "TX",
        "visn": "17",
        "sourceSheet": "Smartsheet Gov - PPR Directory"
      }
    },
    {
      "type": "Feature",
      "geometry": {
        "type": "Point",
        "coordinates": [
          -80.21657,
          25.79158
        ]
      },
      "properties": {
        "id": "17ed61b99cb9a1cfc7042d357efc7cfb",
        "title": "Miami VA Health Care System",
        "locationName": "Miami, FL",
        "displayName": "Bethania Delucien",
        "email": "bethania.delucien@va.gov",
        "phoneNumber": "305-575-7000",
        "ext": "3546",
        "recruiterType": "nurse",
        "city": "Miami",
        "state": "FL",
        "visn": "8",
        "stationNumber": "546",
        "sourceSheet": "Smartsheet Gov - VA RN Facility Nurse Recruiter Directory",
        "nurseRecruiter": "DELUCIEN, BETHANIA",
        "role": "RN",
        "consortium": "2-SSNC"
      }
    },
    {
      "type": "Feature",
      "geometry": {
        "type": "Point",
        "coordinates": [
          -80.21657,
          25.79158
        ]
      },
      "properties": {
        "id": "25e403fc9217e9a37aef5557782e6060",
        "title": "Miami VA Health Care System",
        "locationName": "Miami, FL",
        "displayName": "Vacant",
        "email": "vacant",
        "phoneNumber": "",
        "ext": "",
        "recruiterType": "nurse",
        "city": "Miami",
        "state": "FL",
        "visn": "8",
        "sourceSheet": "Smartsheet Gov - VA RN Facility Nurse Recruiter Directory",
        "nurseRecruiter": "VACANT"
      }
    },
    {
      "type": "Feature",
      "geometry": {
        "type": "Point",
        "coordinates": [
          -80.21657,
          25.79158
        ]
      },
      "properties": {
        "id": "cd5c32da175c59cefaf1fd94f369391e",
        "title": "Miami VA Health Care System",
        "locationName": "Miami, FL",
        "displayName": "Bethania Delucien",
        "email": "bethania.delucien@va.gov",
        "phoneNumber": "305-575-7000",
        "ext": "3546",
        "recruiterType": "nurse",
        "city": "Miami",
        "state": "FL",
        "visn": "8",
        "stationNumber": "546",
        "sourceSheet": "Smartsheet Gov - VA RN Facility Nurse Recruiter Directory",
        "nurseRecruiter": "Delucien, Bethania",
        "role": "RN",
        "consortium": "2-SSNC"
      }
    },
    {
      "type": "Feature",
      "geometry": {
        "type": "Point",
        "coordinates": [
          -80.21657,
          25.79158
        ]
      },
      "properties": {
        "id": "439758582235322e1339352e3e5ac12e",
        "title": "VA Miami Health Care System",
        "locationName": "Miami, FL",
        "displayName": "Shane Stults",
        "email": "shane.stults@va.gov",
        "phoneNumber": "407-319-8473",
        "ext": "",
        "recruiterType": "ppr",
        "city": "Miami",
        "state": "FL",
        "visn": "8",
        "sourceSheet": "Smartsheet Gov - PPR Directory"
      }
    },
    {
      "type": "Feature",
      "geometry": {
        "type": "Point",
        "coordinates": [
          -157.88939,
          21.36138
        ]
      },
      "properties": {
        "id": "eabf4c53260ed3aa6943d895ebdc24bd",
        "title": "VA Pacific Islands Health Care System Honolulu, HI",
        "locationName": "Honolulu, HI",
        "displayName": "Kathleen Redding",
        "email": "kathleen.redding@va.gov",
        "phoneNumber": "808-838-6590",
        "ext": "",
        "recruiterType": "nurse",
        "city": "Honolulu",
        "state": "HI",
        "visn": "21",
        "stationNumber": "459",
        "sourceSheet": "Smartsheet Gov - VA RN Facility Nurse Recruiter Directory",
        "nurseRecruiter": "REDDING, KATHLEEN",
        "role": "RN",
        "consortium": "4-WSNC"
      }
    },
    {
      "type": "Feature",
      "geometry": {
        "type": "Point",
        "coordinates": [
          -157.88939,
          21.36138
        ]
      },
      "properties": {
        "id": "aea77412d03fc51b04bf7570f9b47dee",
        "title": "VA Pacific Islands Health Care System",
        "locationName": "Honolulu, HI",
        "displayName": "Greg Salmon",
        "email": "gregory.salmon@va.gov",
        "phoneNumber": "925-270-6574",
        "ext": "",
        "recruiterType": "ppr",
        "city": "Honolulu",
        "state": "HI",
        "visn": "21",
        "sourceSheet": "Smartsheet Gov - PPR Directory"
      }
    },
    {
      "type": "Feature",
      "geometry": {
        "type": "Point",
        "coordinates": [
          -66.07225,
          18.3625
        ]
      },
      "properties": {
        "id": "d1cf05bf7dc30280d8412f2052e6db76",
        "title": "VA Medical Center San Juan, PR: VA Caribbean Healthcare System",
        "locationName": "San Juan, PR",
        "displayName": "Joanna Lopez-Garcia",
        "email": "joanna.lopez-garcia@va.gov",
        "phoneNumber": "787-641-7582",
        "ext": "35952",
        "recruiterType": "nurse",
        "city": "San Juan",
        "state": "PR",
        "visn": "8",
        "stationNumber": "672",
        "sourceSheet": "Smartsheet Gov - VA RN Facility Nurse Recruiter Directory",
        "nurseRecruiter": "LOPEZ-GARCIA, JOANNA",
        "role": "RN",
        "consortium": "2-SSNC"
      }
    },
    {
      "type": "Feature",
      "geometry": {
        "type": "Point",
        "coordinates": [
          -66.07225,
          18.3625
        ]
      },
      "properties": {
        "id": "1ae70ac3a85927be4a7d5ba4fe738e8c",
        "title": "VA Medical Center San Juan, PR: VA Caribbean Healthcare System",
        "locationName": "San Juan, PR",
        "displayName": "Laura Rivera-Cotty",
        "email": "laura.rivera-cotty@va.gov",
        "phoneNumber": "787-741-7582",
        "ext": "135961",
        "recruiterType": "nurse",
        "city": "San Juan",
        "state": "PR",
        "visn": "8",
        "stationNumber": "672",
        "sourceSheet": "Smartsheet Gov - VA RN Facility Nurse Recruiter Directory",
        "nurseRecruiter": "RIVERA-COTTY, LAURA",
        "role": "RN",
        "consortium": "2-SSNC"
      }
    },
    {
      "type": "Feature",
      "geometry": {
        "type": "Point",
        "coordinates": [
          -66.07225,
          18.3625
        ]
      },
      "properties": {
        "id": "07b9a1a58289a78c921462710da279c2",
        "title": "VA Caribbean Health Care System",
        "locationName": "San Juan, PR",
        "displayName": "Terry Anderson",
        "email": "terrance.anderson@va.gov",
        "phoneNumber": "832-412-0937",
        "ext": "",
        "recruiterType": "ppr",
        "city": "San Juan",
        "state": "PR",
        "visn": "8",
        "sourceSheet": "Smartsheet Gov - PPR Directory"
      }
    },
    {
      "type": "Feature",
      "geometry": {
        "type": "Point",
        "coordinates": [
          0,
          0
        ]
      },
      "properties": {
        "id": "1bfd6f7dc31d39e220ef879151c9358f",
        "title": "V1 SSU/PPR Supervisor",
        "locationName": "",
        "displayName": "Helen O'Brien",
        "email": "helen.obrien@va.gov",
        "phoneNumber": "774-826-1183",
        "ext": "",
        "recruiterType": "ppr",
        "visn": "1",
        "sourceSheet": "Smartsheet Gov - PPR Directory"
      }
    },
    {
      "type": "Feature",
      "geometry": {
        "type": "Point",
        "coordinates": [
          0,
          0
        ]
      },
      "properties": {
        "id": "879393e1d61b93995f74d94476d4128b",
        "title": "V2 PPR Supervisor",
        "locationName": "",
        "displayName": "Stephanie D'Amato",
        "email": "stephanie.d'amato@va.gov",
        "phoneNumber": "585-282-9113",
        "ext": "",
        "recruiterType": "ppr",
        "visn": "2",
        "sourceSheet": "Smartsheet Gov - PPR Directory"
      }
    },
    {
      "type": "Feature",
      "geometry": {
        "type": "Point",
        "coordinates": [
          0,
          0
        ]
      },
      "properties": {
        "id": "ebe26a98da824e7f223a92bf79acc91c",
        "title": "V5 SSU/PPR Supervisor",
        "locationName": "",
        "displayName": "Darryl Washington",
        "email": "darryl.washington2@va.gov",
        "phoneNumber": "202-717-5366",
        "ext": "",
        "recruiterType": "ppr",
        "visn": "5",
        "sourceSheet": "Smartsheet Gov - PPR Directory"
      }
    },
    {
      "type": "Feature",
      "geometry": {
        "type": "Point",
        "coordinates": [
          0,
          0
        ]
      },
      "properties": {
        "id": "0e7943b8754f186d13cbb7445022043a",
        "title": "V6 SSU/PPR Supervisor",
        "locationName": "",
        "displayName": "Lisa Sheffield",
        "email": "lisa.sheffield@va.gov",
        "phoneNumber": "704-638-9000",
        "ext": "12204",
        "recruiterType": "ppr",
        "visn": "6",
        "sourceSheet": "Smartsheet Gov - PPR Directory"
      }
    },
    {
      "type": "Feature",
      "geometry": {
        "type": "Point",
        "coordinates": [
          0,
          0
        ]
      },
      "properties": {
        "id": "1440fc1861073d4067a31f67617a78f5",
        "title": "V12 SSU/PPR Supervisor",
        "locationName": "",
        "displayName": "Lindsey R. Hovde",
        "email": "lindsey.hovde@va.gov",
        "phoneNumber": "217-554-4695",
        "ext": "",
        "recruiterType": "ppr",
        "visn": "12",
        "sourceSheet": "Smartsheet Gov - PPR Directory"
      }
    },
    {
      "type": "Feature",
      "geometry": {
        "type": "Point",
        "coordinates": [
          0,
          0
        ]
      },
      "properties": {
        "id": "0aa4a9882bdcb1a59b24b7932ef44351",
        "title": "V15 SSU/PPR Supervisor",
        "locationName": "",
        "displayName": "Sean Moser",
        "email": "sean.moser@va.gov",
        "phoneNumber": "681-305-4878",
        "ext": "",
        "recruiterType": "ppr",
        "visn": "15",
        "sourceSheet": "Smartsheet Gov - PPR Directory"
      }
    },
    {
      "type": "Feature",
      "geometry": {
        "type": "Point",
        "coordinates": [
          0,
          0
        ]
      },
      "properties": {
        "id": "90733735b233bcec143b61f243d12e79",
        "title": "V16 SSU/PPR Supervisor",
        "locationName": "",
        "displayName": "Rose Olivo",
        "email": "rose.olivo@va.gov",
        "phoneNumber": "504-256-5580",
        "ext": "",
        "recruiterType": "ppr",
        "visn": "16",
        "sourceSheet": "Smartsheet Gov - PPR Directory"
      }
    },
    {
      "type": "Feature",
      "geometry": {
        "type": "Point",
        "coordinates": [
          0,
          0
        ]
      },
      "properties": {
        "id": "a457d32dcee1bc3f98a057217b71449c",
        "title": "V21 SSU/PPR Supervisor",
        "locationName": "",
        "displayName": "Kelly DeBoer",
        "email": "kelly.deboer@va.gov",
        "phoneNumber": "775-223-5351",
        "ext": "",
        "recruiterType": "ppr",
        "visn": "21",
        "sourceSheet": "Smartsheet Gov - PPR Directory"
      }
    },
    {
      "type": "Feature",
      "geometry": {
        "type": "Point",
        "coordinates": [
          0,
          0
        ]
      },
      "properties": {
        "id": "f527ee91f4f3bb7b12a85d5405b159aa",
        "title": "V22 SSU/PPR Supervisor",
        "locationName": "",
        "displayName": "LaToya Dowdell-Burger",
        "email": "latoya.dowdell-burger@va.gov",
        "phoneNumber": "614-812-8266",
        "ext": "",
        "recruiterType": "ppr",
        "visn": "22",
        "sourceSheet": "Smartsheet Gov - PPR Directory"
      }
    }
  ],
  "metadata": {
    "generated": "2026-06-08T20:50:48.338Z",
    "count": 354,
    "source": "Smartsheet Gov - combined nurse and PPR directories",
    "nurseCount": 200,
    "pprCount": 154
  }
}
